timestamp_ms,from,to,value_wei,gas
1774569599287,0xb0aa98eef651cb53985a0023bbcf5ec899a4d2b0,0xa0bcce1060e8999baa20ea7f0e81be2c77f09686,1943193754700,21000
1774569598628,0x09f96d8da0ac189a1ead263e1ebeb25c76fcb0bc,0xfb53e8f03d26843c5f1c095405e23446058e9079,823566200000000000,21000
1774569598362,0xb0aa98eef651cb53985a0023bbcf5ec899a4d2b0,0xd1ca5386abe974d8f70bbaeb1a6d0ffb46a57036,2026867036700,21000
1774569598179,0x974413b8c1d9eeb96758f9d4b5093ea12b3eef54,0xfdaff4e94bc790268e6af0352ab533fb3dc14611,10720000000000000,100000
1774569598149,0xf3eed2119f8a1df188f02cb431b08e50b6b520e1,0x7c9e3c7f2a6a6a923570616bbf06da12c2e848c2,152975900000000000,21000
1774569597488,0x52873cf3ad661e58eeab785920b535e7ce064842,0xaba9b9c16403ed9bc938c37e5ea9a663c4c22f44,3778463023587,21000
1774569597371,0xb21b7c28c5befc80d58b326600305cdd62a4a58a,0x82c9ac2a7e957394807157702974832cb6f94992,33725390000000000,21000
1774569597279,0xb0aa98eef651cb53985a0023bbcf5ec899a4d2b0,0xbd84bd8e646bab104f61b73dc11feb599b355302,2026867036700,21000
1774569597204,0xef57ae89bd4905d3c6eb9ddaeb51212fa8f205bc,0xb0939a0324eca7bf0841da276435f8588accba9c,1000000000,21000
1774569597203,0xff87e4c06dbb80fba2d578273c9932bfb5da441f,0xdbc8da4455dc87e3409e12a2d5bbe5953b17efd4,1000000000,21000
1774569597201,0x521ca2bacdd925324073a041f1aaeb7d139892f7,0xe48ebb7a34c1731e751afb9eb97e6c595cf4eb3c,1000000000,21000
1774569597199,0x7183adb7378b8583d4bbf84a858fba9902a741f8,0xf5e6925c221913ec59b9b1783a26c97317d1700b,1000000000,21000
1774569597198,0xe981419477d7e9ddbecb6a5b0d0a16d2b03966fa,0xd6d61dc6b7ae17ba6a820d4776dae55cacaaf070,1000000000,21000
1774569597198,0xc7aba968af32152d88ea29737478de46ae218741,0x15acb2f014e9b665af5eeb1ca023a982f0e2a254,1000000000,21000
1774569597197,0x94710e64ebcba6582bee1577d7bb7f8641030a2f,0x487c925186804e7362fc10042f7dc32e2330188f,1000000000,21000
1774569597194,0x6d79305a0b5f76adc8da9afa8945b046d9a3080a,0xa3701a8b13f69165e7564f142c62314400dadde0,1000000000,21000
1774569596555,0x5e278c549b60c3819bc0b3bfe82fde0557695b04,0xfff959e972a339198058162df7edc0a1c09765a2,44665954436355000,21000
1774569596550,0x407f0a663a71752decab2df7174a1cd15a5fcfc2,0xfff959e972a339198058162df7edc0a1c09765a2,139402510000000000,21000
1774569596381,0xb0aa98eef651cb53985a0023bbcf5ec899a4d2b0,0x017e8b66bf53907b75e07cde701dbb9c1f8ef4a7,2026867036700,21000
1774569596340,0x6e3e420ad794c6a06ed69158e944778e7ab7e407,0x178d6479a4754e91fe124a86998a4b55dae44ffd,1000000000,21000
1774569596330,0x8b74adc89f887284f90508fa82ac13a27d828630,0xa6650b6d47ad3458275c06a79c2887dcad1ae718,1000000000,21000
1774569596330,0x240d112325d3e900a53e1bee6a4fc6402469c53c,0x7ceb2a5c3395a5cfe09b66e7ced496061301c316,1000000000,21000
1774569596330,0x0623b49571ce9def61da51d0f89dbd5c634e66eb,0x4b0bf4a2cb49531b73267362d0bbcdb091725ff8,1000000000,21000
1774569596328,0xe5c64fcf19225ae60b72e7ec49fefabd2e30c233,0xb7e9346cd7595c848aefc9451531b893ec28ff6d,1000000000,21000
1774569596328,0x1772fb7a660ccd310ac115e488712a63f6f5960c,0x9a43171e3e51fac416c92e2e8ff93296aa587bc5,1000000000,21000
1774569596325,0x1cafb862256d0458583b71bce8864c0ed7c0857a,0xcfa335d9e70940d29ad381dcf53e2c4de1dd0537,1000000000,21000
1774569596325,0xb0cbe4cce40b615bcab2d3fd7fc126cc9d118879,0xe08fef918828a9872fa72978a9ee008475ecd1e0,1000000000,21000
1774569596325,0xa2c43a37945d3444c8413c3e67b39f34edee3795,0x11124d1dd5ef12b45645f743c78171281fb5bdba,1000000000,21000
1774569596324,0x6dc7a2acb9f8ff7ce38d4d02fb0c356ea8d502d3,0xde698d6e77c7358ea81da42bb5392829ec795a38,1000000000,21000
1774569596322,0xec947100f4b53e180f31bf7341c1e783be7e7d69,0x7b1027b4f6150b70f3fbac4ee33bd9e7c9b02a00,1000000000,21000
1774569596321,0x7adaa965401380ab5aca5f182916e4020060b497,0xf515eaa6e1f3c0bf68837963d62ff8cbbdf0048e,1000000000,21000
1774569596321,0xbc941cd56e850bb9d3fc45fe0f8c9db5a9c1f8fb,0xd0cc94f0902e26f11c8ec32ec4a68bbbb0b058d7,1000000000,21000
1774569596318,0xa5a5151881e846f6fc0e019b5462a735a708aef2,0x83704da40c47dc63ea094d26360cca3e7eecb34f,1000000000,21000
1774569596318,0x981b2f4cb0cf92a56e1ea6b1cbdf6dab99b511a5,0xa763b9b7194feacbffb42c2c8afa44f077b085b7,1000000000,21000
1774569596314,0x83b05a8c1d69743e172d7c799f82333883fe3420,0x7709f3e84b9f11817b478b39ed21ea0d97841527,1000000000,21000
1774569596313,0x9dc83b8de38cc8492401519b7c12c1337b331aef,0xa2f14efa1eeac7511e6f86d20c08399298bb0410,1000000000,21000
1774569596312,0xd5de1335ce152a5aa2c493f6f91ba44f69032bf1,0x6cdc64a452e383f44e5ef8ce275cf269adab38d6,1000000000,21000
1774569596312,0xcf2083c1f111101e705de4dcad85ccd8b9f351d6,0x453492d811c26031249564fc7994344ff20ad709,1000000000,21000
1774569596311,0x9d42f39a131335d5fd81b8e57091cb9be509b9e3,0x222dbe9b7ca3dce522a7006051395e219a931869,1000000000,21000
1774569596310,0xbf4a67d4a014c51353537351886e5edc1ee40dc0,0x1b6d96be76c4091819093a788616d8eeb850be0d,1000000000,21000
1774569596309,0xd3966ee1ec1490d13ea5761bf01094ed08190518,0xbc2ed4809d05d821cdff7e5f8a90b2f0686c1362,1000000000,21000
1774569596185,0xbfc7e11079c1f57b2e4d83fdd0c65798f5fa93e0,0xef4fb24ad0916217251f553c0596f8edc630eb66,1000000000000000,216492
1774569596043,0x974caa59e49682cda0ad2bbe82983419a2ecc400,0x070f54754bb4afd8ffc850fc4a0c130f32b45d16,420932570000000000,105000
1774569595823,0x28a9028d1e17c45e273eaf6cd1d961d094770636,0x473f8bd9346df313ff0e95a412452e258352fa8a,72124668183892000,21000
1774569595689,0x6984e90a80a86578ecfcb2f2149f365696bba59d,0x3b897b5433874ac1b314f4d3d1b158a5d2ceebd6,1000000000,21000
1774569595504,0x04358385f044ee6f89a5b6c454cd74f83da4c7a0,0xaecfa47f416686c3aaa88ee43de06eb8bfbc1901,1000000000,21000
1774569595324,0x107e78a5e4457d997d02f20a671ad42cef1ee4af,0xde880a882701c0e976df6afe211f76605888cb98,200000000000000,21000
1774569595317,0x2f5b66133b1272f0ac29bf083adbffc2ae1ad6b7,0x7dbb4bdcfe614398d1a68ecc219f15280d0959e0,298233268412747000,21000
1774569595303,0x6a6afc9e5f103a3c0d376dc65ecebef881c8247a,0xe1cb4a18a939d8bb403951f97748e533105ad1b7,1000000000,21000
1774569595093,0x08b8861bf3829d4ad688bb542fe9bb73506959de,0x15ace4c1bd4b734ff54a116c90db7caa525db048,1000000000,21000
1774569595062,0xb5631775734a9eaeee9a8c46032754337b27209a,0x4e7f8a0da914fa859e87d447b5366c5c1446a504,18720080870742000,21000
1774569594887,0xa36a8fee1b182e29a202482212931f9530f07f0f,0xf3bd39870d26cfdcdc582ed02b97f74e19e0ee97,1000000000,21000
1774569594742,0x0cdb29f887b668071edf4b659a65f88b5f7d5364,0x010c96a2ee66caf1c773dc218f13273daf09fde7,1000000000,21000
1774569593707,0x5bf195f03d1cee9580f41d8d12146207cd805271,0x2e0d334cfe5ea04804a4810f97db818b8ed5cdb8,1000000000,21000
1774569592771,0xcfc0f98f30742b6d880f90155d4ebb885e55ab33,0x5155066c584d4cb947d0d00cfee62e230208a388,1496017097338300,21000
1774569592545,0xd43817817fa00127c5bb3ef21517293c3a563733,0x0000000000000068f116a894984e2db1123eb395,160000000000000,485392
1774569592362,0xb0aa98eef651cb53985a0023bbcf5ec899a4d2b0,0xa0151d2c46fedbec90de5dbed9ed7de947fa52da,1870385326700,21000
1774569592044,0x4e15aca56d85a335ee2e840300e35bf1e44dc376,0x661f491eec1ffe0716db6a82e1d04ad01d379ce6,37991846322795,21000
1774569591957,0xd37ac934502619cee14908cef22138f4b98e06b4,0x5206e18c60d0c7f7e4b869ef10f02d3f6a323dcb,94146830646085,21000
1774569591903,0x28f2e7888bbff2f49e9842e1c6b37fedaff7364c,0x99ce401f5553ab1e9ebc279f07d2f53c26a9a517,1179500800000000000,90000
1774569591778,0xf74466d5292675848c4020211660140a03f28634,0xd37ac934502619cee14908cef22138f4b98e06b4,192512063835355000,21000
1774569591601,0xa002ea618153bed3bc04ed057c0326f37f2945e5,0x2f13d388b85e0ecd32e7c3d7f36d1053354ef104,74860079646463742,21000
1774569591032,0xe4449c59b6201003348d45f667ab4ea334c6a847,0xf05bf55eaf4a07fe33aa4da1b5a826ba7678a696,1000000000,21000
1774569591022,0xe444b1a997bab80c0e157f0957ad263334c6a847,0xf05bf55eaf4a07fe33aa4da1b5a826ba7678a696,1000000000,21000
1774569590827,0x7c7e00f81f9e82a52428cc69be57f2f816b38a56,0xabe7931e45593679a9433add2686706a5134bf2f,72828812190902000,21000
1774569590336,0x1a2bb95bdf0a97a794ad098ed120b875fc9fa9de,0x0e9b71403a6b6fa82497752fde544cb40226dee5,120277720000000000,91000
1774569590280,0xc5267f13b9b4ba7bb73bdd53a2a3c944733a2961,0xf7eec18c7f49920b100ef432afe0a45e70e99e8f,377298000000000,210000
1774569590059,0xcd3a86e760bed15277c2099828ccecb4ae89441c,0x978357382c3100c60924ddd34a40f97d9356840d,1000000000,21000
1774569590052,0x7c6c99c78ebbe3b2d50cea9366ce5f72f66c6364,0xe6765650051fe9a3e87ee611a2bc39efa0e1381c,1000000000,21000
1774569590033,0xf78b2eda7c1e20ff9906b31fe3612195bce9d6ce,0x2a55c04ff8838e2711b86637f29c374bb8fafd20,106453016042315050,60000
1774569589900,0x2e058675de81449fba5ad0ace3df21dce564cdb8,0x63844edf5352b4b7da34cf16f25838f18d8ffba4,1000000000,21000
1774569589842,0x14e2b77aa8955ccf18c4bcbce2ee16e7c9b42a35,0xf3bd39870d26cfdcdc582ed02b97f74e19e0ee97,1000000000,21000
1774569589807,0xbb2f33f73ccc2c74e3fb9bb8eb75241ac15337e0,0x062ed4d13b54ce4df922e3f61a6813bb79e34a5c,5923368586848,27300
1774569588609,0xa3a041f3997b1f9206406242e91f435b48ad0bc2,0x07f6ce0b13477152d9d1a7768d0a8efc1a03133a,3282387585000,2450000
1774569588481,0xf3bd39870d26cfdcdc582ed02b97f74e19e0ee97,0xb6b4b381844cbaf313938e1f88506060f436faa0,6000000000000000000,21000
1774569587925,0x3e0a91dc5848e17765e3167249a2cb018cbb60ee,0x54019e131169508ada743e553827900010a6fd4a,75000000000000,21000
1774569587906,0x425f473795b15fae7310cfb3b4ba8e0bfeffc421,0x487035a871e797f4ad5b35486b0a7981e6e0e6ee,4842250787748,21000
1774569587485,0xb71dc64449ead8c1411e32894128d4f6a2994a0b,0x43e512cc7a73a654eddedc2b116e1eac4bae9856,12000000000000,21000
1774569587232,0xb0aa98eef651cb53985a0023bbcf5ec899a4d2b0,0x672ce101e7d93a46463c6a837ae0abba606eef15,2026867036700,21000
1774569587017,0x210b3cb99fa1de0a64085fa80e18c22fe4722a1b,0x0000bbddc7ce488642fb579f8b00f3a590007251,1,150000
1774569586910,0xa3a041f3997b1f9206406242e91f435b48ad0bc2,0x07f6ce0b13477152d9d1a7768d0a8efc1a03133a,4099234481250,2300000
1774569586564,0x28c6c06298d514db089934071355e5743bf21d60,0xfc60944b0609190b03ab4371473dfd80255af2a0,4600000000000000,207128
1774569586362,0x1dcf620824efc994666f908ba9445adddfc2a7ed,0x787b8840100d9baadd7463f4a73b5ba73b00c6ca,73912190123477924,21000
1774569586308,0xd25e6f50276ab4812b9b79ac6f5c51167df379c2,0x787b8840100d9baadd7463f4a73b5ba73b00c6ca,19135540108444000,21000
1774569586239,0xa2b06c9f1f5201538d0c45081f60035443757a38,0x787b8840100d9baadd7463f4a73b5ba73b00c6ca,179701120838173,21000
1774569586231,0x85a1e7b0fb3ac96beaa4d147e751641ecf7f6a38,0x307576dd4f73f91bb8c4a2edb762938e8e067d31,15499048728035000,21000
1774569586193,0xd287e8034c2c3b033e9fd4d08390158d7ab7e386,0x787b8840100d9baadd7463f4a73b5ba73b00c6ca,1318748696644000,21000
1774569585954,0xde992badd92adaf9146255e9bde6a70770973664,0x3d0f22bf11636cc9cb129e2b261eed35a487455c,2825904596500,85519
1774569585911,0x04acc2413c7fb2e918b6625b53ede7e154e0fceb,0x307576dd4f73f91bb8c4a2edb762938e8e067d31,56164439800717753,21000
1774569585411,0x02a1a6e8417ff8e698c1cc5a0246bebe307659f9,0xfff959e972a339198058162df7edc0a1c09765a2,114066410000000000,21000
1774569585399,0x7fa3cf248a967c75774603b59196e946711d2003,0xfff959e972a339198058162df7edc0a1c09765a2,71329500000000000,21000
1774569585170,0xbab7e9444f630a5840d480fbb010f841e0294511,0x307576dd4f73f91bb8c4a2edb762938e8e067d31,52330600229245000,21000
1774569584411,0xb0aa98eef651cb53985a0023bbcf5ec899a4d2b0,0x4394a42366493c0787358a8c5f0cba6c54ecfbf5,1870385326700,21000
1774569583832,0x458c2a06ba8dc3def078513ad98e9da8ced39e02,0xd5a75f0888a5176753d314af7c4611c5e369e20c,120000000000000,22000
1774569583675,0xc94ebb328ac25b95db0e0aa968371885fa516215,0xcadb5123ced3710a11fa04c4ee4026543bf3cd69,157857658320284699,21000
1774569582446,0x18dd3c14e34c1bc379f7538068c59160d9f68e25,0xb92fe925dc43a0ecde6c8b1a2709c170ec4fff4f,21413280974084336,97534
1774569581516,0xc94ebb328ac25b95db0e0aa968371885fa516215,0x173cc7b9debcd9f65a4c925886d06ec12722233e,1457759006136898128,21000
1774569581238,0x7b09fc3bdd9a1eb0059f0c9d391f5d684e0f9918,0xe03c2b69c9b7cf01fd1443701c5663514648e411,2428232369407369200,21000
1774569581173,0x569976e0dd464d064312c212d527951afd158ca6,0x7dbb4bdcfe614398d1a68ecc219f15280d0959e0,85098329235609000,21000
1774569581171,0xde992badd92adaf9146255e9bde6a70770973664,0x3d0f22bf11636cc9cb129e2b261eed35a487455c,19400712128500,271952
1774569581050,0x370a7e2d300c14d79d4a7ee07aaca46c4b3012cf,0xb92fe925dc43a0ecde6c8b1a2709c170ec4fff4f,2000000000000000,288942
1774569581045,0x867bfa133d64fad734c89f886d2a169b6504ab2b,0x5fe464add75d7a048c9a11c0126c065317dd49f2,3906240000000000,50000
1774569580886,0x974413b8c1d9eeb96758f9d4b5093ea12b3eef54,0xc50c7eadf8896d3adcf136e61fa4887116313dd1,2103260000000000000,100000
1774569580659,0xb0aa98eef651cb53985a0023bbcf5ec899a4d2b0,0x5c4e04696decb83825c20b67405278be0fb4fb86,1730154466700,21000
1774569580643,0x8a2005955e05be0ab344ec5b741c6f76a8d92bec,0x4cf609fc3fd878b34c7ea3d63f732248fd7a5b4c,10140,48200
1774569580618,0x3c657ab532cdf420912f4851ac436d9f2ea6e3fa,0x5e1f62dac767b0491e3ce72469c217365d5b48cc,2913856170276349,219967
1774569580328,0xa9ac43f5b5e38155a288d1a01d2cbc4478e14573,0xd831279fcb2bcb64f77ed4324134a947a853cfc3,218562240000000000,210000
1774569580288,0x482a42e47ac1af9e559df3d7e1d4dabde75c22d4,0x3d92929e6ea9cd203169a31bdfc263629668d177,195000000000000,21000
1774569579959,0x974caa59e49682cda0ad2bbe82983419a2ecc400,0x1998658a469aadb549c13670d66042891aba0e2e,310629970000000000,105000
1774569579869,0x974caa59e49682cda0ad2bbe82983419a2ecc400,0x546dbefc533c49e0354ba1651fcb92418c34b53f,364425010000000000,105000
1774569579689,0x0eeed5f7a9054078a7fb72527283b7bab0a8b4f8,0xeb2090272155780260e264274684def5f7a1a9fb,84000000000000,21000
1774569579596,0xc5632a3c1ff8999e8af290d9bb330c0f74713284,0x7ab955dfd6167666ed1650c91c1b6dbc4059ea89,200000000000000,21000
1774569579375,0xc94ebb328ac25b95db0e0aa968371885fa516215,0x979c0fb6821d4b28c0ff1f35dcb144df06761ce1,243445078837674939,21000
1774569578865,0x63d413cc9040301cd5425332d2df2ea9ccdc9a96,0x787b8840100d9baadd7463f4a73b5ba73b00c6ca,48287149457503000,21000
1774569578833,0x8300a6ad81fe0c8b77dd21fd762c3dafb4500e5c,0x787b8840100d9baadd7463f4a73b5ba73b00c6ca,8281231514705557,21000
1774569578621,0x56eddb7aa87536c09ccc2793473599fd21a8b17f,0xd0f4adba0ce9b8eaa82a933b2d20a049ed7da2cf,10865320000000000,207128
1774569578202,0xa6b52572998e3bbfee8010f7a51c3bbe4c649b47,0x0b80521de5e2dc802bb11d932803c7ae646558f4,1000000000,21208
1774569577328,0x61afeadee0e67fc44fe83402c61c984c2fcafb86,0xed37a5718db017c201162ab99f27ae072285abf2,52775552976054863,23100
1774569577257,0xd63a4e14b3137bf38fdec15be3323fa111d72c8b,0xa7251efecb23762f42c541ac6ca20aaa556cb0eb,76835000000000000,23100
1774569577211,0xc94ebb328ac25b95db0e0aa968371885fa516215,0xae86bcf04e7cb2add00fdf2c785e743c201f3984,71736409467677439,21000
1774569577038,0x3e0954d9b32f823aff2f66173ffed5f453dedd93,0xbe388e410136116f7a7c7cedd5b4822547419541,307633436137154,658854
1774569576244,0xaa8ba7d4611437141192e7ceced531bc0a133efb,0x8faa4a9398a17b32b820a0ccfd4cb050a434333e,120819211607556,21000
1774569576212,0x19a96d5efbdf8ea5bd62ad01709702b955783b2e,0xbcb121978633a81f509a3c30d2085e1689a2b544,92251465749753000,21000
1774569575834,0xbe42a35c2316cdb72ee4690f149cbd0e5c0d323b,0x9f4c9445a6dd40a979ce67c8c3b947363c680718,72841700416654526,21000
1774569575791,0x210b3cb99fa1de0a64085fa80e18c22fe4722a1b,0x0000bbddc7ce488642fb579f8b00f3a590007251,1,150000
1774569574743,0xd3dbe2af12a74505e515caeb8f408619685a2c0f,0x0baa34c877750633bf9ca65b2fb471aed8415bcc,2920000000000,21000
1774569573509,0x93b6bb24c96d4a123773e46d6c7cbb35c5084abd,0xa13e96f74a85d9721cb10c84ad33022dc9634bf6,45044144452467305,21000
1774569573331,0x548a5c3e32fd65191263dda834efb2b647067494,0xc9f5296eb3ac266c94568d790b6e91eba7d76a11,4747520000000000,21040
1774569573281,0xd959933916d7e37fa83ed5f53d2bebbdd090d318,0xb8f0b0d6118d1e0124ad8cfdc53e9638178b593b,6296790000000000,66139
1774569573119,0x4a3023a90a7ff384edac1af8edaf32df1e96fc17,0x307576dd4f73f91bb8c4a2edb762938e8e067d31,14077186856342700,21000
1774569572589,0x012a474a5db2cdf3862667b72aa3cbbd140492b3,0x8cd2e6edd0e71f00d2d26b802cc772bc5109b385,5076600000000000,23100
1774569572498,0xa763dc05519303409cb5db0388f280433e3b43ae,0x5b8d2b4acbc8021f38f63ae67b6dd24b4dfca066,17219259873079491,21000
1774569572181,0xb0aa98eef651cb53985a0023bbcf5ec899a4d2b0,0x7958ee0ac7596815f2671c2d6d78447ae40dd4c4,1730154466700,21000
1774569570614,0xb23360ccdd9ed1b15d45e5d3824bb409c8d7c460,0x4bef8f9a529888b91a51cead7210abeb2882bb92,2640000000000,21000
1774569570538,0x9410c21d7d8e7514d54f2c9514eaeac523770a21,0x1231deb6f5749ef6ce6943a275a1d3e7486f4eae,2372860000000000000,2776164
1774569570473,0xb70be3a4c5c9b7f0d5cc44bc7805e1cb9d65b05c,0xdfaa75323fb721e5f29d43859390f62cc4b600b8,999079457797000,21000
1774569569871,0x77021d475e36b3ab1921a0e3a8380f069d3263de,0x877613c53d64269407c2437550154449ba40ee2f,11000000000000,21000
1774569569580,0x45403a8960a625bc72d47177364973ac41d650bd,0x20ff49ea3385b6488946430ed1d4de6d91b43cad,14538068696959000,21000
1774569569451,0x3247f6b66f24f672eacf52080e0381fa45deb307,0xe5cf1fac92f37cbc95df76420f5f017464160774,12626500000000000,21000
1774569569212,0x55080ec4ffc62f1afd93ff81b2b45b56c52e3552,0xd2844a3878e2dd35f7502cc74aa6ca2a57f588ac,19344419812921049,21000
1774569568826,0xacdddd2595c28fe0134ed217e30c668f3a3e204b,0x20fbfaa263f3f68301cd8d80a17124749ec00795,1000000000,21000
1774569567970,0xd37ac934502619cee14908cef22138f4b98e06b4,0xa41d7f1953238df44c79b29ca063b85847999c0f,94180086818593,21000
1774569567878,0xb0aa98eef651cb53985a0023bbcf5ec899a4d2b0,0x4ce42b93ca5131743bb4010f4e047c9a5947fbf5,1730154466700,21000
1774569567806,0x33029cd500d4c9c3b2ac26d6e65167b24b827446,0x2351571bb391095bb73fcaf59084b3a9b9834243,84385783808000,21000
1774569567640,0x3e0a91dc5848e17765e3167249a2cb018cbb60ee,0x96586d96e8bafaa2af5ef37dc95958b9b454f208,38000000000000,21000
1774569567562,0xf4489de0919a74aac998b9a69e276ef8495c67e3,0xb19243d61e2da0504a21897fc61968ce96dbda8e,86472876888097471,21000
1774569567419,0xb23360ccdd9ed1b15d45e5d3824bb409c8d7c460,0x77b45c33e81a604ee63b4a24c3b620a1f093ed35,2640000000000,21000
1774569567380,0x9f6d6662e29613e5bd7911c7877f064c0c76419b,0xeba88149813bec1cccccfdb0dacefaaa5de94cb1,1105640000000000000,22000
1774569567147,0xf3bd39870d26cfdcdc582ed02b97f74e19e0ee97,0x14efe2416647806919817db8626a80e9feaf2a35,6000000000000000000,21000
1774569566292,0x4e7f8a0da914fa859e87d447b5366c5c1446a504,0xed75554439be282f973513a2a5f573b5ec4fbcfb,4221282141023615,21000
1774569566243,0x762ef8034256bb4fb7a48887825491169fd9097c,0x2c6f50d050f9d2550fa836520cf7d9e9d2f6c86d,1000000000,21000
1774569565863,0xbdc32f01644fe6b67b5a4e474190bcf2c6a1355a,0xda74cbfed36981d10917fb6fd2958475a906da4b,13184000000000000,21000
1774569565583,0x1ca421955c7301e9c16391329521c54c610b5147,0x301a3077d21f1f26f18285ff970b80ee80dd71f3,1000000000,21000
1774569565583,0x756ea91c7c7dd7532449396f19f3d8e2a28df322,0x618b9d794f575d46a0367f29b44021a33636adf4,4043064000000,21000
1774569565572,0x2624b0914d9f139d09dd100f1f58fa61fe969834,0xc61f7cc6d6c35d2dd80d9843399e0d14520954e2,1000000000,21000
1774569565572,0x0f2090f139f6005bc30bdec6dcae61f479f80176,0x1866684dbc6403bba8fc90c9a6e8db205c515949,1000000000,21000
1774569565570,0x1bb45c3dea1b67f068842ed30cccb0436ad4ee22,0x38625237b804a3f911d329caf9589c901a039716,1000000000,21000
1774569565549,0x654706c44deb6b21b04de87b2ce440c13868ece0,0x7a250d5630b4cf539739df2c5dacb4c659f2488d,90550000000000000,145543
1774569565122,0x5e14ecd1af6c8d75d85680f6fcfabe2472faa3f5,0x303a465b659cbb0ab36ee643ea362c509eeb5213,47916949092589,285513
1774569565047,0x3a3ba612fe0c1fca48b886286dae2127b56948e1,0x07f6ce0b13477152d9d1a7768d0a8efc1a03133a,6934068727500,4100000
1774569564885,0xa3a041f3997b1f9206406242e91f435b48ad0bc2,0x07f6ce0b13477152d9d1a7768d0a8efc1a03133a,6934068727500,4100000
1774569564637,0x3df12a0c28a966b27753ec407d798800a863d9d0,0x5e1f62dac767b0491e3ce72469c217365d5b48cc,2428548586216564,262717
1774569564258,0x8d08af3e931b2411da28c3875f237733ebd6522a,0xe13e0ae99070801a260be2359c4a8ec1d349ec11,1000000000,21000
1774569563962,0x1a8b828606b2f9c662bd32c069625ad43b132d93,0x04d54d316f2232fe2ae0cbea1ffcce0091f614c1,70361230059084000,23100
1774569563923,0x4207837d4cd914467eb76bf88c4d6e7ba11ccdf9,0x7faebda4528543039f171b621f7b9fda917522c2,257381440000000032,50000
1774569563358,0x828d76e33b9db71538b167a1e3cc988ba9ac4b22,0xe458ad13fc9f76183e825f1b0a1e29b5425bb519,44860000000000000,100000
1774569563096,0xbd0e290e7251c0245ec08f6c08a42ff6772edab4,0x307576dd4f73f91bb8c4a2edb762938e8e067d31,233259173377756000,21000
1774569563048,0x2cf39b5acbb94758366966339e22fb7eca72e2ca,0x3bcb700ea2da1dd5a298719f28d9c9e1052454f8,1000000000,21000
1774569563046,0x3621d2bd6f894cffd6880072bfcac97a104461cb,0x564b105b82aef0680b336f992b9b5d224c6a559a,28006743244010104,21000
1774569563046,0x974caa59e49682cda0ad2bbe82983419a2ecc400,0x1998658a469aadb549c13670d66042891aba0e2e,310629970000000000,105000
1774569562980,0x8d18d00074dd99de3e3f22210b705b9b0a19835a,0xdd05b1714df4c0930b417b8bdf72f40633bd87b6,9998157523230989,21000
1774569562813,0x60f9e80d0d40b2958ac39006635de782096866c3,0x069cb0edc53af82c3b4fe1b0e8c81bd0afc70147,6337640000000000,50000
1774569562748,0x210b3cb99fa1de0a64085fa80e18c22fe4722a1b,0x0000bbddc7ce488642fb579f8b00f3a590007251,1,150000
1774569562429,0x21203ca6611ffa56464169f616b5f17a8e15c4fd,0xcbd6832ebc203e49e2b771897067fce3c58575ac,32707136983842500,21000
1774569562107,0x2f13d388b85e0ecd32e7c3d7f36d1053354ef104,0x3f4423076e7d6bf520d8945f6da7ecf42cee10bb,6242008416000,21000
1774569561860,0x062b38e798790955d266c3560a7e5b032d72a145,0x64a1a1c3abaa1d6f24bb72f51e92aeca9b98147d,1000000000,21000
1774569561645,0xcec02d3cea757f8ebd8ba368cc7d743c5d7d3e53,0xcbd6832ebc203e49e2b771897067fce3c58575ac,53369987214951338,21000
1774569561528,0x8d18d00074dd99de3e3f22210b705b9b0a19835a,0x6ffb71acdef383e4ab0cb4dd2c1dceefd7e9941b,9997852295698904,21000
1774569561313,0xe94ef1fa548fd4af9a07d797adf0da0bfe4909c4,0x197f9519417d77440c8175eac09e0b68e43c0b79,131552757878931,145299
1774569561076,0x64a5e599402d65b093d1f06b81b88d6fd7a3d4b6,0x5e1f62dac767b0491e3ce72469c217365d5b48cc,21851611090254120,213695
1774569560591,0xf48a70fc53f5c52ee362806eb951de3d87d175f0,0x8b4f46c9d01c3982be9ff43c4d2647a8ef2c1a5f,1000000000,21000
1774569560285,0x482a42e47ac1af9e559df3d7e1d4dabde75c22d4,0x7b553819ca1eff52b8f66c3e25d0b5df13cbf7c7,195000000000000,21000
1774569560055,0x4e0f0cdabda0b31fe87d263a759a905e46145632,0x1dbe1961afcba04557599d820d04622715551856,15211721605603855,21000
1774569559569,0x732101354af9a6e5bb40024835a748958c091ded,0xb0874ff7c6a9c9edaf7318f9eeb9620b9c54a07d,48870000000000000,100000
1774569559546,0x974caa59e49682cda0ad2bbe82983419a2ecc400,0x546dbefc533c49e0354ba1651fcb92418c34b53f,364425010000000000,105000
1774569559368,0x2de1dc91b2ae93bbe98f1663abd90165060c3931,0xa198c1011909730e9e235ae21960d173b053c2cd,1000000000,21000
1774569559366,0x2eec8312bd968554245c1cb92cebc1b3ecddc06c,0xc7e0f485a6a1ce90b1932a7f60220c55320ec1fc,1000000000,21000
1774569559129,0x33029cd500d4c9c3b2ac26d6e65167b24b827446,0x5bc348b3184655496e84d0713f65ce6783bd784e,404382226525600,21000
1774569558168,0xbaae8e2a785bdbd603f8458cdbbc4bc7f4e1b044,0xffd37195e11052e182684703b4038c45de5b8f52,259999263565994000,21000
1774569558151,0x1025f2a9fd3f63722ac363388585467ec621c508,0x250e598397489c7c9a7bc8ca7596535980e7b8df,1000000000,21000
1774569558136,0x28f5edd657e733fefdd399c569a2c934e11849cd,0x4cd00e387622c35bddb9b4c962c136462338bc31,96630968211876033,31030
1774569558067,0x6a61e0519e31e189ae6aa87f7cc58a17afc9247a,0xd2844a3878e2dd35f7502cc74aa6ca2a57f588ac,289958000000000000,21000
1774569557722,0x197dbfdc4da7291ee1cdeee83c9c7312792a7f6e,0x8075385c7f1a2f4c1faaf374e4b02678d80387df,1000000000,21000
1774569557014,0x23d1e815309c5d528dc42a6ff922248179b6cf0a,0xd09775d6b980c528cf7bb276de59d268fc42af20,1000000000,21000
1774569556941,0x67fe1585e85923bdb65d5dd9f6ca4895d2cedb46,0x68430946cff36cfcd3ecd58b59109facadbd47a6,29141114226691965,21000
1774569556860,0x18dd3c14e34c1bc379f7538068c59160d9f68e25,0x3983daf6b9a5a502c5d52f4e945f1d8b2e0d3a38,48496927856161164,25200
1774569556613,0x4976a4a02f38326660d17bf34b431dc6e2eb2327,0x316e612d814050b75647d962eaf44f446ebc5aa2,5397200000000000,207128
1774569556502,0xeba88149813bec1cccccfdb0dacefaaa5de94cb1,0xafd29ea3c750d0fd5a8c0542e966633a96dc5856,122733070000000000,60000
1774569556346,0x63d413cc9040301cd5425332d2df2ea9ccdc9a96,0x787b8840100d9baadd7463f4a73b5ba73b00c6ca,48287333565994000,21000
1774569556286,0xb0aa98eef651cb53985a0023bbcf5ec899a4d2b0,0x079fa1719ac9e566fb323a9cafe226f635ac71ed,1818239386700,21000
1774569556246,0x8300a6ad81fe0c8b77dd21fd762c3dafb4500e5c,0x787b8840100d9baadd7463f4a73b5ba73b00c6ca,8281415623196557,21000
1774569556198,0x3e0a91dc5848e17765e3167249a2cb018cbb60ee,0x15dc2aa786386f9c0b43f1360a8fb38fabcae08a,37000000000000,21000
1774569555980,0x3e0a91dc5848e17765e3167249a2cb018cbb60ee,0xee38e2d6568b0f921d216db4b8961a6520024b63,55000000000000,21000
1774569555938,0x0099131268156865f7efdfda76c3379bac465214,0x90b5b3a3a1cf620ef62c04c22509ca572377a649,1000000000,21000
1774569555938,0x10b12a28f7c9bd3999e92063fbdf273a455f0ce1,0x9a2c3980bae1905fc5417558cb3a8cf460b210d4,1000000000,21000
1774569555938,0xdc522becb6fc650aabf3bf153a352b600c236085,0xf3cec3138c5aad02e25116638d9b510933a2ecff,1000000000,21000
1774569555935,0x634d3a5662a55a041dd0a5249a677e3ad5805041,0x5e23f5688ea23e0b743d13f253e107c5d3f637df,1000000000,21000
1774569555934,0x5eb76797bff2aa266a8764bba8229b76115b36a1,0x6c7cef981803b38d56f9c9a15f29416fcd63168d,1000000000,21000
1774569555934,0x52864432d5554f7d68c4dd706eeedf617fe41180,0xb9f84e6c4ac7a3316709920182ce87e79f5d0c69,1000000000,21000
1774569555932,0x05853a99803548ebf3123d5bf153395485333aeb,0xc8c29f1949c7eac26e1cc1061bc19cb83c6c6622,1000000000,21000
1774569555886,0x5b796438613bc6bfd593f3b4da5f41344c87d9c2,0x89d43f7c0f1995b9911c0d2160a5d0a30c9b1051,227410136223101310,21000
1774569555879,0x3e0a91dc5848e17765e3167249a2cb018cbb60ee,0xe7056d71e3276da6c0ca339eb013b60bc7261139,55000000000000,21000
1774569555506,0x3e0a91dc5848e17765e3167249a2cb018cbb60ee,0xcebd1a277d29eb284171c9c78f4ef08006fcfa17,55000000000000,21000
1774569555431,0x9793b4137d574de50144f0d5d6bc9fdf6e04562f,0xf67dd9d41db5127a08c56e7a58e4744b27c41ade,24279269873796355,21000
1774569555233,0xb0aa98eef651cb53985a0023bbcf5ec899a4d2b0,0x207f36a7559d4c009d8a8dd57e4d7c102004b8a2,1818239386700,21000
1774569555174,0x366acc41b86745d5f66c27c2fbac77ddc3a8a4e5,0x55080ec4ffc62f1afd93ff81b2b45b56c52e3552,19386419812921049,21000
1774569555161,0x05b50727020307a1575da3ab17e8e65a27c8b224,0x852dc1c875f0117ea0808610010893e4c576b6a9,1000000000,21000
1774569555150,0x3e0a91dc5848e17765e3167249a2cb018cbb60ee,0xb83630849c8a2bcb3a04062fedd015d7d67febde,55000000000000,21000
1774569555083,0x9a70163e6b15620251df75437c355213635132cc,0x74e7025e993c6f13be0b05af45db1533a6d7b11c,1000000000,21000
1774569555001,0x5d2f863023ac7d41a590072599c4ce3071d0fbd5,0x1aa01ae1a411731380de730b869eea0edfc9046c,1000000000,21000
1774569554998,0xd9fdbf9f44b1b9404a73a65e50f8672b14cc8ed5,0xb08e0295acc08c993803c3aee6ebaef0a9add171,1000000000,21000
1774569554997,0xb151a7ae828bd9ac0eea3caf8e4bd1c2a0f60f7d,0xb61376cbd48d4625f1eb1bcb3033d3780ddc4d48,1000000000,21000
1774569554996,0x3a0656331ef2c41760808200669eb1c4d9502794,0x674b34b0c7ea85f680a760056d3ddaa12be6373e,1000000000,21000
1774569554867,0x10fc324d3683152189704e261692d534992ca7ec,0xe15f595ead2af71776cf4583658011ab0a4b515d,1000000000,21000
1774569554750,0xf8e0a70c69fdd2d545cb858ffd70130c8c77f4be,0x290d544e4303e1fd23e509ef59624acd8e27cfa4,1000000000,21000
1774569554673,0x7921c76864aeb3b0f70c142d9052e1a3e0f9c87f,0x10fd4f43782a5e651a423b9cebcd6445f495cd96,1000000000,21000
1774569554614,0xf18b0f97f4f1e95cfe22afc09cb06989fff28ca8,0x6ef352d22946e9208fb731bd3982bcac9f77b814,1000000000,21000
1774569554547,0x6111d733fddb4256a4221f4fc3f6ffc214983f1f,0x09f96d8da0ac189a1ead263e1ebeb25c76fcb0bc,1000000000,21000
1774569554233,0x88c582e4001184cc652f4c5f7ff3bbc2bb8d05ca,0x61114cb61ade392f0604b87afa6fdd9e9157148a,1000000000,21000
1774569553761,0x1bdeac0253304c04c48715de574edab59d27b992,0x09d6e0a822e08bc7d730c567b76e26024fc44aae,1000000000,21000
1774569553759,0x53096a631fc0ce70b284e2f241e4f2d376e8d756,0x28f62045a376ab958579ce2a32368ac82085f688,1000000000,21000
1774569553619,0x41baac8bffeca55a727b0923e6c6cc811d03e9c5,0x48056fba0e6abebd4db96f6be7f97009d3a0f60c,7282178827905309,21000
1774569553161,0xead48eb75e75aebf6502f27b7e4eed54a1848ca0,0x58f740f37809404e30c4363b3a9851f9d709e083,669229008948216,21000
1774569551951,0x2f39f5c2985d9c9980680f622c4e8796372f9bd6,0x3dbec89b559a6616b8f12f5a948fefd8aea18a01,6989500000000000,21000
1774569551846,0x9d9ec578801ceba8db3bc62f8f7966c002a7c043,0xf598727772283d69d4b3255cf067cf7d78ad88b2,1000000000,21000
1774569551844,0x106a4aad0fe7c114fab11b07fcb6e3bd7ef9c34a,0x1dbcad5a8fe404b130685caeb156617e4e4942ad,1000000000,21000
1774569551408,0xf30ba13e4b04ce5dc4d254ae5fa95477800f0eb0,0xcf7618ab558d0007bd9b7a3126d2f5b962d21a3b,57310000000000000,31500
1774569551241,0xb0aa98eef651cb53985a0023bbcf5ec899a4d2b0,0xe93a6d8c00729fc955befef12acb2845a2be5d81,1818239386700,21000
1774569550945,0xa3a041f3997b1f9206406242e91f435b48ad0bc2,0x07f6ce0b13477152d9d1a7768d0a8efc1a03133a,5838544545000,2150000
1774569550870,0xe3a09adf9a1f5f8910c4bf200c434dfb20d148f9,0x0440e61b3b648e59059d18e0c8ac71478b85808b,3698760000000000,21000
1774569550306,0x315acc57b58af6be7aba670455c99063880143f6,0xb05102dc44181b747ee6cfe4884bd18468650cb0,1000000000,21000
1774569550289,0x482a42e47ac1af9e559df3d7e1d4dabde75c22d4,0x2456aac0e3145baf7b3b68e562a5437965f116be,195000000000000,21000
1774569549956,0xde992badd92adaf9146255e9bde6a70770973664,0x3d0f22bf11636cc9cb129e2b261eed35a487455c,14413892203500,195119
1774569549876,0x0668c9bf6a6936b9eb5a19f61c663070beff2f9b,0x5f9ab2a2f1a7dae04e9871fffae1a2b3182b16e3,504679632110938,21000
1774569549757,0xa3a041f3997b1f9206406242e91f435b48ad0bc2,0x07f6ce0b13477152d9d1a7768d0a8efc1a03133a,2434476867500,1400000
1774569549623,0xf30ba13e4b04ce5dc4d254ae5fa95477800f0eb0,0x8f116b6ea619d6e2fecd85ac683eda19ad507a82,231652168300000000,31500
1774569549150,0x974caa59e49682cda0ad2bbe82983419a2ecc400,0x4087b07965b3cdc057b149f3b556c6438965f44e,152814890000000000,105000
1774569548613,0x17575b886816a0ab9f8ef73d9b6c001311ff6a84,0x49e7c4dd051019ab1bbf661794519e598593d139,1000000000,21000
1774569548308,0x58b704065b7aff3ed351052f8560019e05925023,0xe40078d7778148e13368bcb88bd92a11260a023a,4500000000000000,21000
1774569547871,0xf30ba13e4b04ce5dc4d254ae5fa95477800f0eb0,0x066f2eeaa562d9ce8257784ef157ac0994cd23bb,13601108000000000,31500
1774569547536,0xb0aa98eef651cb53985a0023bbcf5ec899a4d2b0,0xd8e4cd55bdfcc36354134e1dd0c23ec15184dc50,1818239386700,21000
1774569546807,0xf1300cc9c2cf347f7902742fec4df9dba952fd7b,0x2062cff11fe82e58ce71c2eca6c511516e03be00,1614287632864,21000
1774569546805,0x8dd00b5aaa21c550d847110b536ce47e0ff87ed0,0x2b85376d0007a3ab5d22022fe81697b4b342a266,1000000000,21000
1774569546798,0xb4320906f8434afa179f01ec04bcb42d98f99794,0xaebe5352a1da5b536af2eeb1f5fd0fb637ebe28f,1000000000,21000
1774569546772,0xc7975e388fe96d88a4bdb0e4d9824ad01e482e07,0x4637871dc6c9d2c67595440d68aa3584c26fe084,10000000000000000,100000
1774569546720,0x3bd1cefddfa1b4f8bde06819ef63ff7ad31b6a36,0x71be31d565b5c53c366b501c52a87d8b50e492f5,12369340000000000,100000
1774569546095,0xf30ba13e4b04ce5dc4d254ae5fa95477800f0eb0,0x1a39380447765551c4ee148566701754e2427b9f,25323530000000000,31500
1774569546047,0x6b44f3898b18429f8fa34106cee0b6521d114e22,0x4cf609fc3fd878b34c7ea3d63f732248fd7a5b4c,12600,22600
1774569545606,0x3cce9899522cb701d455c71d3135ada6a7df29c8,0x7a250d5630b4cf539739df2c5dacb4c659f2488d,163656564,153291
1774569545103,0x15ace4c1bd4b734ff54a116c90db7caa525db048,0x08b1d624c9b6852904261f755af8d82ccfed59de,305896553312333000,23100
1774569544923,0x1b20b287c2afe54420ae119a1b332e944d03539c,0x40754fed97db3f33e94703ab26e237e36a1840ec,1000000000,21000
1774569544921,0x0054872890ad80660bdf0d9b427383bf9027fa2d,0x8ec6a96c22bd3db39bb8bd3366b41b61b7b2baf4,1000000000,21000
1774569544682,0xa2fdc2c679c3078a9f1e773d053f7975e25a77fb,0xe29c0bd7e823aae39bed6c97a6d1d6a4abb2184e,822400306732455,23100
1774569544459,0x2971e3586d13257d3092f22fdcf565f320413a47,0x2254c9a5698bb94dc74a7d9b90fc7b2105aa02c4,3000000000000,747040
1774569544270,0xad8bf0960fa1bb677cd431b7b4aeee37ee269b6b,0x26425f8dc3b7595cbf05b31c0339bc543890382f,2237517503052,21000
1774569544058,0x3e0a91dc5848e17765e3167249a2cb018cbb60ee,0x2f7b8a5412ee05aee7be2f864bfd8c94a8c6f021,55000000000000,21000
1774569544050,0x3e0a91dc5848e17765e3167249a2cb018cbb60ee,0x747fcdc6696f963dda2a2b83693238f4d4f6310e,65000000000000,21000
1774569544012,0xb2599e1f1fd5dbac800457a9d1de80e5ec9bb4d4,0x2e275e6a38e188e31aee96d8cececb572617f181,61109006245340438,21000
1774569543926,0x9642b23ed1e01df1092b92641051881a322f5d4e,0xbd0b2455b29c5f205d519c43cd98c10459d8e6b5,197800000000000000,50000
1774569543546,0x0ef4a6835881bf6b58d6cc989b54376d84c10542,0x6f903af4eb31cc56454c92ce08abda51ddc02784,4742649408368,21000
1774569543489,0xda20d912ae955cec5befa46a8538101b5cdbe9dc,0x0000000000001ff3684f28c67538d4d072c22734,6106192990384883,211320
1774569543231,0x94d17c06c1da9749602a10f3a1e5f77d79bed1b5,0xa1b540bc29d6ba4dff78ab7bf4cb5b03f370bd25,2183740000000000,28000
1774569542860,0x2f5086338e1f3231e2c0ec256d7da96ef22d895f,0x3950bfc465cb3e89f2edaeeac958da3ac9e7c51d,1000000000,21000
1774569542846,0x88dcdd4a0a58b7e2208805d547043c37dca2b6dc,0xb9614bc46f0c8faef1af41a8283a9591d40d613c,1922383816402181,21000
1774569542639,0x55f04170a94a42e84c1a6081f535e739f34ee8de,0xaee6035f6043e96e20c0e6f4fb4b13e84a0eb5a1,47103414084158225,23100
1774569542576,0xd0171e192814f2d08c1f6e447e64f3976b640963,0x6f903af4eb31cc56454c92ce08abda51ddc02784,3803806356368,21000
1774569542516,0xb23360ccdd9ed1b15d45e5d3824bb409c8d7c460,0x5b94c62180f69daf6d625bd57f0ad7e6bc2f4d0c,2950000000000,21000
1774569542470,0xbbd0d4d067d5af2065b1b6fd936d93237ae1c56c,0x71566a3e516d4519f68df68f6f4fb09fc6e6dd4e,10327412749478893,21000
1774569541926,0x852dc1c875f0117ea0808610010893e4c576b6a9,0x95610cc4b78eba9994ee92bd94893618d7f91b9c,598511043494331,21000
1774569541677,0xe17beef4d7fd67fb0a7e50d6db5aaf2c66c564c8,0x313ec5893d00204b2b9b99c0b840514f825fd603,125958486872866,21000
1774569541656,0x756e704bda5fae62e8fb7cbe5d45d2a2a28df322,0x618b9d794f575d46a0367f29b44021a33636adf4,404306400000,21000
1774569541302,0xf3bd39870d26cfdcdc582ed02b97f74e19e0ee97,0xa36243087e281b8a4a0a176bd19373d4e8da7f0f,5000000000000000000,21000
1774569541286,0x46340b20830761efd32832a74d7169b29feb9758,0xa213662fb6d70c0104627419239f25aa12b83323,223773000000000000,350000
1774569540295,0x1d51d2a2aedaae542571673f145f063587d3c6e3,0xcf50db4d23267f70c316d03411fee367fe048f3f,48499000000000000,21000
1774569540007,0x145460496bdfe00b6f2a6ddbd9c1dcffe361927c,0x523f472d8926294624a7579984dce4640f6e6084,1000000000,21000
1774569539669,0x8d8d7ea4761e3c0a78652331a844a121a63ac2b3,0x91572071eaa11ba1bc45c57e6287ed46bfa89b4b,46163820000000001,21000
1774569539401,0x24ba564670e4a65bddb5bf2c238691a7a2946d9f,0xf30ba13e4b04ce5dc4d254ae5fa95477800f0eb0,728461771625603517,21000
1774569539283,0x88dcdd4a0a58b7e2208805d547043c37dca2b6dc,0x6beead843d37d5f461866a4d93437cc2adc49f61,51746425611314422,21000
1774569538883,0xa5a5491bca93dd4c076e4906e79e7673f4a5a142,0x6e668ba3d44e5304eeedfb222d57455d463becce,29960158399940513,25200
1774569538775,0xbbd0d4d067d5af2065b1b6fd936d93237ae1c56c,0x4d692339755664ed639389b37fb12a24430413ff,996424048643079,21000
1774569538727,0xb23360ccdd9ed1b15d45e5d3824bb409c8d7c460,0xaeba0ee6cacbde346adb2184f394439456e2ae35,2740000000000,21000
1774569538377,0xe39684d85c1607eb63205f6aa7f1b26711841bae,0xf30ba13e4b04ce5dc4d254ae5fa95477800f0eb0,218611324833213000,21000
1774569538369,0x389044f3ac7472060a0618116e3624a5f0f20f28,0x8990639ea90184c349b4be9292d4dd6bcdf9a466,14767825458779467,21000
1774569537588,0x2fcd22c53df82b93ddedea070fc016d3ba55f0e0,0x337d968f97cb7563607cf9ba4fbaf07ecaca2aaf,1000000000,21000
1774569537531,0x8d18d00074dd99de3e3f22210b705b9b0a19835a,0x89a70fd8800d14e27a9edf3deb2d67835ba3c90c,9997638172315280,21000
1774569536973,0x6c1edab25e668c029dfc6a7555c67ed375d6d5fc,0xdfaa75323fb721e5f29d43859390f62cc4b600b8,55855993323350610,21000
1774569536252,0x5594c9782f28a29205da6bba2f1997d9eb66f00a,0xce16f69375520ab01377ce7b88f5ba8c48f8d666,8415336299333,743179
1774569535806,0xe94ef1fa548fd4af9a07d797adf0da0bfe4909c4,0x197f9519417d77440c8175eac09e0b68e43c0b79,564105755773334,313096
1774569535546,0xcce9ee7978b8c3e96a12640d5d734b7b40b17f57,0xb18d1c231f969523e714d50b9569c6b0b6d39cef,468018668339,21000
1774569535237,0x88dcdd4a0a58b7e2208805d547043c37dca2b6dc,0x4907b6cdf288ed0a7f0a3415e833a7804cbb81ef,138011634963505126,21000
1774569535086,0xbbd0d4d067d5af2065b1b6fd936d93237ae1c56c,0xe948837545f0b6861e1f2bfc1b950b6a0c157d14,86272552430169913,21000
1774569535075,0xb23360ccdd9ed1b15d45e5d3824bb409c8d7c460,0x63bda4810790abf1c84f5051d79e26da4eea7558,2740000000000,21000
1774569534907,0x1212ff4a90c91e66aba25c782f429052fbeaa5fd,0xc036470549e0766e93bb2dfe2ecdc4f47c61e37b,1000000000,21000
1774569534907,0x1253f4dd9856393b73bdccef7e26d9f3b8268fd5,0xea23f96a58850d375d43873a572df9c71e14ef52,1000000000,21000
1774569534809,0x0d9b026416681f3dffd131a41bf891ce698601e9,0x6d4422f6cae78eccd5991d10e720584daf57cd55,1000000000,21000
1774569534556,0x618b9d794f575d46a0367f29b44021a33636adf4,0x756ea7bc6d139a6e0b24f21e1e42c0f2a28df322,404306400000000000,21000
1774569534471,0x8d18d00074dd99de3e3f22210b705b9b0a19835a,0xf8b6a85ce029ab350d9beb70301bec18024258be,9999843749248000,21000
1774569533060,0x974413b8c1d9eeb96758f9d4b5093ea12b3eef54,0xea2873f9c15c31361d881150b1bde7231ca15ec3,25410000000000000,100000
1774569533037,0x7cd2ab85107a1cbb48517ab636ac371cf143b7f7,0x14efe2416647806919817db8626a80e9feaf2a35,1000000000,21000
1774569532415,0x77021d475e36b3ab1921a0e3a8380f069d3263de,0xe45e89fba33f5a6c2a7dbd82135b75729f342120,11000000000000,21000
1774569532208,0x8b6fc3db0dcf95f3588d74855d1e5e5c1686f602,0x4cd00e387622c35bddb9b4c962c136462338bc31,7768143825211019,31030
1774569531839,0xb23360ccdd9ed1b15d45e5d3824bb409c8d7c460,0x0c3b150e173ffd3390c47e9bec1d4c9f2fe72cb1,2760000000000,21000
1774569531682,0xfc85ce076e87861ed50f8533aa57ea4745fa9383,0x9088b8a97e214a023f2f9504914d3e424cde0d73,1000000000,21000
1774569531681,0x1f6cd6de191109f09267bc5921347d137cbaacb4,0xab8391c489ab849826db7d0567670794ecb8b8cf,1000000000,21000
1774569531680,0x1371edf5a50db76873034f482da294828b025b9f,0xfac63ff6504073398a9d69935c6eb1add18d0e53,1000000000,21000
1774569529820,0x06eeb0d6cc8d3b13b6477fc93dce88d0b27ae4b4,0x66bd086d9dac43dfb1996cfd0f7cb4c13c2ad1a0,1000000000,21000
1774569529815,0x06b0cc2951e1391ecbe745c797a9cc519bb3b620,0x02caaa46b77ae1fd7246cd6bda0e41c67398fecd,1000000000,21000
1774569529814,0x0c3a7ee5d212bd82746bab5cb78efc61afdfae61,0xbb34011b322a5740279416be546ea8c710d2d4df,1000000000,21000
1774569529811,0x007fa67eea5b8c8753c15d7ed2003619255bc2a3,0x55fe5a18d337cc353ff6c69003c1bdb2526eba58,1000000000,21000
1774569529811,0x61aa85522e80f1166401dd78d4487262a78d5fd3,0x35a73c793d91aba2810e39a088336322e2f7a5e7,1000000000,21000
1774569529810,0x05f47949ceaf2c01970ad2194e041e2e7b15eb11,0x066e622f6fde20f30fd1120e3c001b2e213fffd7,1000000000,21000
1774569529809,0x12526e21a1ff6aa25e4e9d7a2e7ff4158c041531,0x6bf3c438685f048edea11d12918934f4f241268d,1000000000,21000
1774569529809,0x5eae6b927fadd1499499375d49f41c1077ddee98,0x614ed2648ea81fe80624053f0f95fc4155507f02,1000000000,21000
1774569529808,0x9d42d0fab6d90e8037425c745d6f7477ab4cb9e3,0xe25b4f4f2dfd22a04ecd2e3f52f355689df94871,1000000000,21000
1774569529804,0x46ba55cd2a7b6e60d84395dba1f6ba7c5a13e752,0xf090877e803599e45258e00509cad21c4386e565,1000000000,21000
1774569529802,0x60e67efc2e4ffd82c094077e1e63451dd3276204,0xa26fe849b91f44c353fad968adecd797e40e736d,1000000000,21000
1774569529802,0x61a7dce9ebf1058481bd43fba95b04736248856d,0xbaa7e387ca1de52877ad7d0e80899a9fde1c8a68,1000000000,21000
1774569529800,0xe8a35f6812cece2ba0fa468d0e978ba5b9fe11f8,0x8062539559a0b17305163d9dd3d453b9c66b6821,1000000000,21000
1774569529799,0x5b8d917f2eb8cda89080091193c914d5701aa066,0x92f66c80eca773aaaf1115d24e4ee6dd24c7c51e,1000000000,21000
1774569529361,0xdf02759b203489d1507b7824529421e48ec514c1,0x52c63228e972c2950792ff650af3d777cfdb1ada,6800000000000000,21000
1774569529284,0x61114cb61ade392f0604b87afa6fdd9e9157148a,0x88cb348365af8a1640e3d38d95fc554884a005ca,568000000000000000,21000
1774569529119,0xf955fa78f6df7c02f4a517a1faa0a32ce2bad6f3,0xc44b7316936e2f004e688fd53a95e060df1811c3,1000000000,21000
1774569529113,0x02e0b7e526d799a4a742f4345841d91d38dc9f17,0x07f6ce0b13477152d9d1a7768d0a8efc1a03133a,9234744210000,3350000
1774569529110,0xf955b5711ee81eea6802643294579aece2bad6f3,0xc44b7316936e2f004e688fd53a95e060df1811c3,1000000000,21000
1774569528870,0xa3a041f3997b1f9206406242e91f435b48ad0bc2,0x07f6ce0b13477152d9d1a7768d0a8efc1a03133a,9234744210000,3350000
1774569528870,0x307576dd4f73f91bb8c4a2edb762938e8e067d31,0x9102e63d787bd0d01cbe76fc3bd764a8034cc397,9712421507849100,21000
1774569528622,0x3b897b5433874ac1b314f4d3d1b158a5d2ceebd6,0x6985f13d233853d558643ce8fb0a55c78723a59d,128955037704673900,21000
1774569528547,0xde992badd92adaf9146255e9bde6a70770973664,0x3d0f22bf11636cc9cb129e2b261eed35a487455c,6644654211000,116307
1774569528507,0xf6d1bd2c8e987d730583cb2745f1abda8b55fea0,0x0abbc482fbd91dbf413e3d6cc5622e03552ac13a,5280246815129000,21000
1774569528221,0xdfaa75323fb721e5f29d43859390f62cc4b600b8,0xa69b4fb5c49b3234c726a7f6656b648e67e1f998,103635470000000000,75000
1774569528220,0xcfc0f98f30742b6d880f90155d4ebb885e55ab33,0x1a8b828606b2f9c662bd32c069625ad43b132d93,70363715825766000,21000
1774569528175,0x9617bc1ec836933fa2cd6f06dd1a1f8a986c8278,0x76eeb4c8b149738a9b198d866c80e8087a0a4f17,3690435719177344,21000
1774569528145,0x3f48d6664b978c4df53ff1b1f02154aa3f73a5a0,0x2fd52aacb38948197db70d5a5b67173f5e20cfb8,1000000000,21000
1774569528128,0x874f0fc34e91fca05561f266f1ad367c0f1714cc,0x307576dd4f73f91bb8c4a2edb762938e8e067d31,9987633972030260,21000
1774569527438,0x21ce50a9eca3477bce32b37e8c429936ee913249,0xe12e0f117d23a5ccc57f8935cd8c4e80cd91ff01,5213413154179852482,157475
1774569527179,0xca51fc693c347994f9bb72eea36f157858412f31,0x307576dd4f73f91bb8c4a2edb762938e8e067d31,12764047101974000,21000
1774569527148,0xdc1f60017d6d5d9d1d2a596c29a7755ca4c2eb74,0x5eb7ba42790ee27a89d010d0c21a6bb69879d734,84155509059205000,21000
1774569525445,0xf9d2d8d90b4b35aada5aed2f46fcd15da0608b4e,0x5a89b8efd616ec8a1511cacbc0b557cd5b2819f5,6000000000000000,21000
1774569525188,0x307576dd4f73f91bb8c4a2edb762938e8e067d31,0xa33c23299e7a8d647c10a9c8bccd615a9727ba8f,243014553905553000,21000
1774569525016,0x4acfcc3bed619324aff2c0596d87f23b2c03ffae,0x5050e08626c499411b5d0e0b5af0e83d3fd82edf,13606915,284378
1774569524903,0x86620431fc7942fffc3ba7c2a47d825f3c5a5191,0x307576dd4f73f91bb8c4a2edb762938e8e067d31,9997475941120728,21000
1774569524854,0x61e4035527df81dfb3c46cc1253605ff417cb9a1,0x9410c21d7d8e7514d54f2c9514eaeac523770a21,2380000000000000000,21000
1774569524734,0x8000f1612244223b289bd92f97400b408ca2ca69,0x9e89a0b12bd9184835d063712f92d89ac3d54d4f,873625926565918,21000
1774569524657,0xfdff0b569f14af593d446e51b3e42f502124ac85,0x7217711a84b12d95c5bab6ab981d266456fbef56,27176802549730,350845
1774569524277,0x889d911c292631ab3eed0542d8b9ceb43c17ce46,0xedf1efc4291b182c25f1e8ad694711858c668365,10680586916780500,31500
1774569523880,0x210b3cb99fa1de0a64085fa80e18c22fe4722a1b,0x0000bbddc7ce488642fb579f8b00f3a590007251,1,150000
1774569522923,0xae4383b7db672ea36dada4f549457787f277acaa,0xfb183eb452cee258c7e429610cb7d9e2a5fa68ff,43678982096293522,21000
1774569522828,0x9bdbbd6ff7889e1cb668c21c5da3c8a73a7742ae,0x85a1e7b0fb3ac96beaa4d147e751641ecf7f6a38,15500000000000000,100000
1774569522700,0x4acfcc3bed619324aff2c0596d87f23b2c03ffae,0x5050e08626c499411b5d0e0b5af0e83d3fd82edf,13594627,284346
1774569522617,0x225e8e16795ec9e8a53920e338cffa6dbaca27c9,0x7a250d5630b4cf539739df2c5dacb4c659f2488d,80510000000000000,145543
1774569522447,0x4b0f86162854048be0aafb8294d0521aacc85f04,0x5e1f62dac767b0491e3ce72469c217365d5b48cc,10681197759665152,318239
1774569522266,0x4acfcc3bed619324aff2c0596d87f23b2c03ffae,0x4acfcc3bed619324aff2c0596d87f23b2c03ffae,13580803,284346
1774569522157,0x4acfcc3bed619324aff2c0596d87f23b2c03ffae,0x5050e08626c499411b5d0e0b5af0e83d3fd82edf,13578755,284346
1774569522103,0xd37ac934502619cee14908cef22138f4b98e06b4,0x1a2cdb1a0fe7b279c3d4dd6bc934024514e4ccf2,94081245297571,21000
1774569521906,0xd37ac934502619cee14908cef22138f4b98e06b4,0x022de7d34a5f488de28ce9cfc06b5a1b23d9d955,94081245297571,21000
1774569521721,0x1aa5d7b13fda91599032f874c6c26a6ad4f60966,0xd37ac934502619cee14908cef22138f4b98e06b4,56672403690173000,21000
1774569521251,0xd654e21214fb51da99a50b76f3183b96d3322e46,0x9ddc8036a88d16b4e1daa81f3264afa5565a5831,718336801199279000,21000
1774569520647,0x591acff870d8744c9c2bcc96adced0afc0efe055,0x1467cb432d34fd80062bc0ac55e70a8a7b4cccc7,1248285265827621232,21000
1774569520647,0xc3b0253980fa356987c16f935e1dd2126dbe456e,0x04acc2413c7fb2e918b6625b53ede7e154e0fceb,56165341956853753,21000
1774569520321,0x482a42e47ac1af9e559df3d7e1d4dabde75c22d4,0x4b125fc1308574d4d5d1dbad0d74b050a84646be,195000000000000,21000
1774569520255,0x482a42e47ac1af9e559df3d7e1d4dabde75c22d4,0xe07b4e318b14e1fe711556f249f26c6f24cd4881,195000000000000,21000
1774569519788,0x09f96d8da0ac189a1ead263e1ebeb25c76fcb0bc,0x5b5614bf5dcb1fb63274199a7b6cd385c46baca9,94081245297571,21000
1774569519701,0xacb54c7466d1a8052a61813cb3656ad8f921646e,0x49366a97639f5532e734f37a9736d3ec1c10b367,1000000000,21000
1774569519698,0x744cb7c73e22f1799032e9fa0db32a36186b227f,0x41121bd7cbf892dc2d515a6b746227ad0102cdfa,1000000000,21000
1774569519568,0xa68779a944fa38823126424b841a422bfe435047,0xea84585f7af03a57ebc775474bf2e0f8833cba3b,1000000000,21000
1774569519482,0xe48127b1ec2a794cfdcc186c55666067442ac83e,0xd4e014a728a0cb9130d87af2949eb43d86a8712b,1000000000,21000
1774569519339,0x456eda82ba96c5aec302090c199a08db8bac006f,0xeb9d265fc27e8ede4a806e78a6db35042dc3bb8f,1000000000,21000
1774569519327,0x92100ab3cfa45d3c5dad859024f72d8d39b9f226,0x96524cfa277fdf6a968a041202d82b460934a1b2,1000000000,21000
1774569519276,0x1805baaa595df0d2e827401c5b52c0244e512383,0xeaaaacdecee9f392d2904a15b2ad2e774c0b2898,1000000000,21000
1774569519261,0x899b240124e99810a3d2d91473e98239b24b11eb,0x92d02b45848b4044ec950a7d6b67b07c31ef94ce,1000000000,21000
1774569519207,0xf3e8d5e2f2a93f0e6ffd356374f0ad422aed20e1,0xaa0e9a1e2d2ccf2b867fda047bb5394bef1883e0,1000000000,21000
1774569519197,0xbd00dbf991591e3f1bc2cc10093fcddf25d6dab4,0x719776bf89a9c45bd65bab8b2bc105435f110c4c,1000000000,21000
1774569519125,0x083fec19c2596107d66f393218e21c6da03c14b9,0x58dfa806e25494b5806c5e5e45dac1e26b552a3f,1000000000,21000
1774569519074,0xb7e79155ba66cf8d716c89f99e3d8ab088dcfc01,0xa9f9a8e341e7953b06a791201f64c1f8315bd5c2,1000000000,21000
1774569518918,0x4acfcc3bed619324aff2c0596d87f23b2c03ffae,0x5050e08626c499411b5d0e0b5af0e83d3fd82edf,13566979,284358
1774569517830,0xe8832a868c091263ed190a9f4be304a03895dd91,0xef3b1ea923a5fedbfe23822d7ecf2af4f17451d1,7000000000000000,50000
1774569517816,0x1651a65f3f5e31411b32930f518bb12c49ea4e6b,0x487035a871e797f4ad5b35486b0a7981e6e0e6ee,4305218016688,21000
1774569517675,0x8aef39211bdafbce373917c389dc71614f749e90,0x8ba7019cac681476c30900ca6bdd1e23f2ba5fa3,14025717555710150,21000
1774569517243,0x584ad519d068183cabfdf23e5ecfaea539ea1792,0x2bf1e738c593517932641cd7f6fe77547a846089,5149120000000000,21000
1774569517020,0x307576dd4f73f91bb8c4a2edb762938e8e067d31,0x51214265ac389718fcd76c663385083281f1c966,17553202094805000,21000
1774569515608,0xa3a041f3997b1f9206406242e91f435b48ad0bc2,0x07f6ce0b13477152d9d1a7768d0a8efc1a03133a,6042458475000,2450000
1774569515199,0xa671ae04e20b8691fefbc3eceba54c1fa1f6755d,0x22a96cc1318d232e0761f81c6323d433cdc9e21a,13442053661096,21000
1774569514603,0x852dc1c875f0117ea0808610010893e4c576b6a9,0x05b4550dc5d33f78cdad54290ee3b190b5bab224,131690271766453620,21000
1774569514299,0xe75e8b65dd8de7352fa022b12049a47550bbfb98,0x17e9c97c124841ac312124381855e72fbc345d13,14178491317375500,21000
1774569513725,0x56c262027e0de4aea31d2489529cb25d23e58a8b,0x339d3021770b04e5222dbaee8be6362eada4b4bc,224438983702200,25200
1774569513675,0xde992badd92adaf9146255e9bde6a70770973664,0x3d0f22bf11636cc9cb129e2b261eed35a487455c,8009349868500,148935
1774569513145,0xac16ced14ea89429c319947ca50adac4180d8f57,0x81b77cea62264ccea7b0e65754b12a7520f0f73f,5173917705460677,21000
1774569512935,0xb23360ccdd9ed1b15d45e5d3824bb409c8d7c460,0x09c30cdcdd971423cb3ba757a47d56c35d06d818,1084593460000000000,357361
1774569512457,0x5bd1fc69cd813cd0c9106417c9d19b2f7903946f,0xfb183eb452cee258c7e429610cb7d9e2a5fa68ff,84883017907559000,21000
1774569511944,0xcce9ee7978b8c3e96a12640d5d734b7b40b17f57,0x81849a3753b802eeebc37b4dc2c5c3d985901f6f,5216814096384,21000
1774569511091,0x210b3cb99fa1de0a64085fa80e18c22fe4722a1b,0x0000bbddc7ce488642fb579f8b00f3a590007251,1,150000
1774569510905,0x9bdbbd6ff7889e1cb668c21c5da3c8a73a7742ae,0x87456d6e51b3e6dd9d72a040dd174731ab975099,32750000000000000,100000
1774569510090,0x64b2d22813a24457cef64a34298a686432d306ab,0x09f96d8da0ac189a1ead263e1ebeb25c76fcb0bc,24496993380774000,21000
1774569509485,0x48a12c484ce4c53d1ee7054c9ebae0b672c9fed8,0x20ff49ea3385b6488946430ed1d4de6d91b43cad,23808723380774000,21000
1774569508936,0x1a47671d532788e7015cda259e1ea01d36172277,0x1dbe1961afcba04557599d820d04622715551856,77806220000000000,21000
1774569508799,0x0ce6c953d05738e41625f93fdb226318d469d034,0x3a09c40f8f7b93c8c7e09a5422e56dfe7c7d2794,193999195715679032,21000
1774569508783,0x98c18579dc795e083ff12e302f09a3fcfd4c90e4,0x7e5b05bbd0102bc78ab5bf91ea261a871a66a7df,1000000000,21000
1774569508783,0x79afd7b59e940bd0480974320e0e4d93cdf03c93,0x9e95314de7f0454d840132c6a72e0591488fc2b4,1000000000,21000
1774569508782,0x591c8ff1f2f1eab919c7208e22891684f5837ca7,0x00880ce1a3be4ec74ae3a268a19ba0647992eaa5,1000000000,21000
1774569508780,0x899d4c80182fd4780c11781838d8892869aad324,0x5a5d980c859d307edd62daf2e1dbf10f9b9cdf5b,1000000000,21000
1774569508779,0x89c8bd3874f737a1305e79bab58712a17373efbd,0xebfae3754bdf5f53351ddc3cf2251eb57a4364dd,1000000000,21000
1774569508777,0x4f2af50c386493df067ade74767267d550f5728b,0x3e3c93dfab9612b2e89e90898bdadc2ea63cfd55,1000000000,21000
1774569508777,0x9f7c2997f60006047a6717169a162b4eefd8cb04,0x7803f1970e589de465cf653fddd0f73fbd212f09,1000000000,21000
1774569508577,0x9696f59e4d72e237be84ffd425dcad154bf96976,0xd2ed3fa93b3032596c68708beb2324aa0b8b0dbe,39900000000000000,207128
1774569508122,0x09f96d8da0ac189a1ead263e1ebeb25c76fcb0bc,0x611374c9a85949510ce9845f78197e5bdc4e3f1f,194430640000000000,21000
1774569507278,0x3f223d19a7b08e2cd682579d79e4fbb9342b7766,0x3a09c40f8f7b93c8c7e09a5422e56dfe7c7d2794,24726468528679000,21000
1774569506944,0x79f988a075a0a05169e81bc262a6ed997f1daa6e,0x4cf609fc3fd878b34c7ea3d63f732248fd7a5b4c,8430,22800
1774569506944,0x0db7b768bec96cf0ac8c6bc26fa40f88c1678273,0x4cf609fc3fd878b34c7ea3d63f732248fd7a5b4c,21400,22400
1774569506635,0xde552f99343d5e5ebcd529442ba43d69bc8998ce,0xf87f32c8b5cafe78156e93a1ec693b55ec635a41,1000000000,21000
1774569506599,0xe1789d90133ee83a967a49d6ccf40182f0e8f885,0x3a09c40f8f7b93c8c7e09a5422e56dfe7c7d2794,9690748528679000,21000
1774569506461,0x6c04796db43a5ffd10de6658a7627ddf39d219ac,0x4cf609fc3fd878b34c7ea3d63f732248fd7a5b4c,11835,24400
1774569506461,0x2358e889742c4f3048256cd13239181364bc6c28,0x4cf609fc3fd878b34c7ea3d63f732248fd7a5b4c,8400,21400
1774569506436,0xdfbee5a5215d60bf6a022b0a510f1b889de561a2,0x5730e5cb6589828144c5ffb4f3040ddc5e886590,1000000000,21000
1774569506384,0x674b34b0c7ea85f680a760056d3ddaa12be6373e,0x3a09c40f8f7b93c8c7e09a5422e56dfe7c7d2794,107630865510483430,21000
1774569506238,0x099da8daed48fead3e724b627f836ec430728843,0xb3366b275fe81767af46e69e086dd8040b693373,49051032499951434,21000
1774569504835,0xace265db70d3d96a9254f33bd946bf6670eb888f,0xeba88149813bec1cccccfdb0dacefaaa5de94cb1,5764760000000000,22000
1774569504223,0x9867e7cf2eac61ba2ac15cc65e052d9b449675c8,0x862c21acf67d4c6adf34a277a1fe9e839b83171c,162446000000000000,24150
1774569503498,0x2de93798f6cae5d227fa2af78ccc3f46da8a6072,0xead48eb75e75aebf6502f27b7e4eed54a1848ca0,672140165364696,21000
1774569503430,0x96524cfa277fdf6a968a041202d82b460934a1b2,0x92164cd938aff4d97ea2111dc24720dc77bdf226,258577511272469562,21000
1774569503411,0x2ed151e8e28fea7d74ee8360e521f94b6401a467,0x07f6ce0b13477152d9d1a7768d0a8efc1a03133a,1284482568750,3050000
1774569503202,0xa3a041f3997b1f9206406242e91f435b48ad0bc2,0x07f6ce0b13477152d9d1a7768d0a8efc1a03133a,1284482568750,3050000
1774569502444,0x7d35e92389ecb043e212d4e81662c2d031a9f459,0x92d44b6b3a23b48a93b1bce4d206c0280f96b1cd,9837000000000000,21000
1774569501732,0x1f5fee4f90c0af0a0f727946dc427b46d34cc0ed,0x0000000000001ff3684f28c67538d4d072c22734,2164682250804797,285792
1774569500982,0x5ebf4f55235a3f354f73b709f6e186ca8dddfde2,0xb70be3a4c5c9b7f0d5cc44bc7805e1cb9d65b05c,52097374646439173,21000
1774569500880,0xe5a76475d97512befe86ba2162030aaa4684e23a,0x307576dd4f73f91bb8c4a2edb762938e8e067d31,68978621930343000,21000
1774569500565,0xb23360ccdd9ed1b15d45e5d3824bb409c8d7c460,0xc256ac53fa455b40dfe0bc3f632af2e6331243de,2820000000000,21000
1774569500550,0x6b0f1463a914b1a858f1435243244bea0a081a09,0x307576dd4f73f91bb8c4a2edb762938e8e067d31,23016577517199000,21000
1774569500366,0x482a42e47ac1af9e559df3d7e1d4dabde75c22d4,0x8d5c4e3bb579c75f9784553ee719151d089494e8,195000000000000,21000
1774569500302,0x482a42e47ac1af9e559df3d7e1d4dabde75c22d4,0xfd18a78ba48d1b609764749b3a7ec16181a75dd2,195000000000000,21000
1774569499719,0x679cf89b74f96e9a7960f81c8649a909b648e87b,0xc6ac53e377d1d925aea01533e06ee42e23a25073,11139089085950000,21000
1774569498303,0x8d0208547b0246ed7a20320b63d20e008c3288c3,0x89d43f7c0f1995b9911c0d2160a5d0a30c9b1051,44193790915584000,21000
1774569498294,0x58dfa806e25494b5806c5e5e45dac1e26b552a3f,0x083b97ffc72bc080638c8e0bb9770003f39014b9,462503846031615162,21000
1774569496741,0x4a1880ebe2b9abec86f03f8b117c77b4962e4611,0x0000000000001ff3684f28c67538d4d072c22734,33483327967887907,196918
1774569496687,0x009a547d6673350f16932099f57a433011e06a9f,0xeb810a518e8fb6adf62392c118f2133b08cca14a,90971129170944,21000
1774569496524,0x9c1cc746167684fde36cc65708a095d1cb15ea1f,0x20ff49ea3385b6488946430ed1d4de6d91b43cad,52193268648329569,21000
1774569495317,0x210b3cb99fa1de0a64085fa80e18c22fe4722a1b,0x0000bbddc7ce488642fb579f8b00f3a590007251,1,150000
1774569495295,0x3e0a91dc5848e17765e3167249a2cb018cbb60ee,0x68862ba1c11dba7e68ecf06b2446d14a16b3c76f,65000000000000,21000
1774569495112,0xd37ac934502619cee14908cef22138f4b98e06b4,0xf670327cb8c7d096f9684a706ea18c8729fda895,112019627170000,21000
1774569494912,0xec2d534f9099c8f0fdd3f1ca5b73fa9efdc7c671,0xd37ac934502619cee14908cef22138f4b98e06b4,10802508869626000,21000
1774569494571,0x958523b14dcf3bc8f0fb2bdfb3c4c3f96eacf927,0xeba88149813bec1cccccfdb0dacefaaa5de94cb1,5940000000000000,22000
1774569494495,0xfc4c4b8230615c4c3c2e596ef7fa5a27de830761,0x03f34be1bf910116595db1b11e9d1b2ca5d59659,970000000000000000,429674
1774569494431,0x0470b6f609944f5f51f1930ea6cc3cab14983a43,0x4e5b2e1dc63f6b91cb6cd759936495434c7e972f,65845619861030,21000
1774569494133,0x84c8322ada293408c23edf4b72318e6ca3a63f98,0x07f6ce0b13477152d9d1a7768d0a8efc1a03133a,7848981800000,3200000
1774569494099,0xde992badd92adaf9146255e9bde6a70770973664,0x3d0f22bf11636cc9cb129e2b261eed35a487455c,13712090889000,160620
1774569494034,0xd41139fd02a855422aa59644e3eb8d1e10f62802,0xa1abfa21f80ecf401bd41365adbb6fef6fefdf09,47885175300002514,90000
1774569493944,0xa3a041f3997b1f9206406242e91f435b48ad0bc2,0x07f6ce0b13477152d9d1a7768d0a8efc1a03133a,7848981800000,3200000
1774569493647,0xb10293b7e4c5343c2befe5ed9c438ed516ba3ff6,0x2beba07b928c8cdc74bd4617e8c4ed952509d73c,1000000000,21000
1774569493624,0x4e7f8a0da914fa859e87d447b5366c5c1446a504,0xb6c861681c260058f233ba55885921ce95056cd2,18718266783222000,21000
1774569493518,0xaa5fb0f3a4635d04bbd3950f17ae2dec3a5d9225,0x9bdbbd6ff7889e1cb668c21c5da3c8a73a7742ae,1000000000,21000
1774569493418,0xa24380dd91de927d63e48aad82aec1f8b84febfd,0x8fb477994ef5a4f137ad8fdbd77b23cf4e7fd8fd,1000000000,21000
1774569493323,0x9f640c5ba8f162c4a0bbee2e14d5fdda54a9419b,0xf4f77b4f78a89e621ddc152955ae6f37c316ab4f,1000000000,21000
1774569492902,0x5111a967b4e1a2598ca152d9aee008a2f1dec321,0xb3b5dc7a24d4f7061edc4929432776beed111e03,36431970000000000,42000
1774569492202,0x58dfa806e25494b5806c5e5e45dac1e26b552a3f,0xaf3ce22bd11cac0980df88eadab0d2e09d3d08cd,145760910000000000,21000
1774569491939,0x92c7d52adc06ba5ca3de59e312be8b45687353f2,0x75ffa87c9b0649ad08ed18a0459a8a864a000236,97070400000000000,21000
1774569491208,0x8edeb519e64c7545611e75f5d8a3adfaa422aa28,0x07f6ce0b13477152d9d1a7768d0a8efc1a03133a,5230321165000,1850000
1774569491093,0x974413b8c1d9eeb96758f9d4b5093ea12b3eef54,0x0cbd7eedff9881ff2401edeed700303842b9c243,32620000000000000,100000
1774569491013,0xa3a041f3997b1f9206406242e91f435b48ad0bc2,0x07f6ce0b13477152d9d1a7768d0a8efc1a03133a,5230321165000,1850000
1774569490338,0x49c5a7be08709fe98bd55d75e5b406596028bf00,0xca5e8821b424ee0d14486fed06c6ce760f2e144e,1000000000,21000
1774569490274,0xcfc0f98f30742b6d880f90155d4ebb885e55ab33,0xcd97cb2eb413fd720ee2a052912b186922a65e49,41019120000000000,21208
1774569488783,0xa931ea706f7459b0a22def877fd441d2a3c63fe2,0xf87476015bdbb75d7f3d7d20301cf9cb893e0227,1000000000,21000
1774569488722,0x290d544e4303e1fd23e509ef59624acd8e27cfa4,0xf8e5ec263454ddca11365f4081ad0a3cb77cf4be,48559247137432380,23100
1774569488238,0x808059fe88400fd22b3b20752fcb3d46b431ef6b,0x8ead48a8433dfefd7056813bafdaafd74f406b7c,13711668546451834,21000
1774569488069,0x0a0f7e9410bd7779067664181dc487c9bd78b2c0,0xac5c3f5f9b0f47bbcc84fb66e3f40128dcdecc44,35956492559274382,21000
1774569487952,0xe6e9f85ad258267d6bf79b87180ec9b2ebca7aa1,0x9c9a6cd3d6b979d02ad900b57291fcc497101785,23400269732447627,21000
1774569487820,0x60c5f1e1d51cf7df66be7aa6a0dd98ae500b50d5,0x7a250d5630b4cf539739df2c5dacb4c659f2488d,45000000000000000,145543
1774569487632,0x9acaeeb40a6675973993e0ed09494811be66d8bb,0xd184376de69d4235e8035a2e36ab9854b76b8b55,60000000000000,21000
1774569487482,0x0f928fb04c761d0aa5dc3bbf3d0181b84316c9ce,0x9642b23ed1e01df1092b92641051881a322f5d4e,2906995547184386416,21000
1774569487391,0xb23360ccdd9ed1b15d45e5d3824bb409c8d7c460,0xe108a003a90ccc3e78797a67be761a06c54a98c9,2820000000000,21000
1774569487356,0xdd75e4636f21fb78ce38637dae7307bced61b4dc,0xf0844e236882272f846d5de2e0c579ecf81cce73,149999206939200000,21000
1774569486544,0x3cce9899522cb701d455c71d3135ada6a7df29c8,0x7a250d5630b4cf539739df2c5dacb4c659f2488d,156379151,153291
1774569486278,0xe3de3846c6b0272f40895941ffb060741a1210f1,0x3cc2cf521ef0d7198689de5e7636ce78e0b69de4,1000000000,21000
1774569486273,0xd16973cd7387c0b6cdd5896b3cfd5d65ceba6b5f,0x73c45c06b6685dc401958567cc6c9d37cdffec92,1000000000,21000
1774569486080,0x64321c25e69169502f482f403a34774d8c5b567d,0x083b97ffc72bc080638c8e0bb9770003f39014b9,26670904275523049,21000
1774569485958,0xdcb9a6048e7e3c12d79057efdca43abedcc67f2b,0x1d0dc82c8d12b515d889af76a95df9e0ada26c67,7318473674328000,21000
1774569485845,0x829fac37d01094dee22a15a3eeec7f092c8f7438,0x47165b52c86288221fae6b3639d99d09a134d487,48535200000000000,21000
1774569485830,0xfdff0b569f14af593d446e51b3e42f502124ac85,0x80226fc0ee2b096224eeac085bb9a8cba1146f7d,248097714690535,263281
1774569485650,0xf7b9011aea98876e21d4a8773e71f88ffaf3e07b,0x47efe0f60f82f46c473377edead42cc9617571f4,19578000000000000,21000
1774569485506,0x2426e494e29fd15018a35f9e4f4a04d757c0c550,0x4e5b2e1dc63f6b91cb6cd759936495434c7e972f,65924790940108,21000
1774569485306,0x97b8dffd8bdb9a55430b50d098acb20f5658fd6f,0x7fced03bb9746f5c2ff0a1448ba1a8992479b787,269709643315665,23100
1774569484460,0x3247f6b66f24f672eacf52080e0381fa45deb307,0xb3184b67ae6bbac75b355522abc9672a7570abea,3277710000000000,21000
1774569484189,0x210b3cb99fa1de0a64085fa80e18c22fe4722a1b,0x0000bbddc7ce488642fb579f8b00f3a590007251,1,150000
1774569484100,0x7560869fdd2916393d01dd62556aef81fa6de56c,0xf951e335afb289353dc249e82926178eac7ded78,59965981784953724,144000
1774569483873,0x20ff49ea3385b6488946430ed1d4de6d91b43cad,0xa37830462f52411d182a4224ecc98fd306901ab4,94046620728017,21000
1774569483512,0x90ba9fdcbb4d65144b714bf197efd4346b928fa1,0x4099ebf87cac55c7842848a311e182543b8a6089,1000000000,21000
1774569483511,0x95065d8e1252b6dcd04a9b01da4adcd66c381f61,0xe325c05b21cb06177520f5411162b83c120d42f3,1000000000,21000
1774569483511,0x8a2081433311f8273686bda66786841388f7d1ad,0x84ff868ee115e49ed646ebe7fb8ff50d21784fe0,1000000000,21000
1774569483511,0x461620c7d89503f498b47d5cc738a2a31facf8e4,0xf352807c521ced26538c67c42098a9bf3f495f67,1000000000,21000
1774569483019,0x46340b20830761efd32832a74d7169b29feb9758,0x491c1322d6f7db7afab6e041b0433686decd077c,45441000000000000,350000
1774569482759,0xbaa67174531f0c031f91a373f6788c7e821af2c5,0xe075194b18df546bc2f8bfd38557059e0fad9776,21342310794555494,21000
1774569482509,0x6082ab7b3efe761478ab80b77732559e13fc6955,0x6928f3e126dbac9923d52300fdef714b280b305c,26467369425559016,21000