date,vix,sp500,dxy_proxy
2018-01-02,9.77,2695.81,109.6445
2018-01-03,9.15,2713.06,109.6751
2018-01-04,9.22,2723.99,109.4777
2018-01-05,9.22,2743.15,109.3496
2018-01-08,9.52,2747.71,109.5681
2018-01-09,10.08,2751.29,109.9025
2018-01-10,9.82,2748.23,109.628
2018-01-11,9.88,2767.56,109.4888
2018-01-12,10.16,2786.24,108.901
2018-01-15,,,
2018-01-16,11.66,2776.42,108.3218
2018-01-17,11.91,2802.56,108.1526
2018-01-18,12.22,2798.03,108.0655
2018-01-19,11.27,2810.3,107.9455
2018-01-22,11.03,2832.97,108.107
2018-01-23,11.1,2839.13,107.9979
2018-01-24,11.47,2837.54,107.0802
2018-01-25,11.58,2839.25,106.5052
2018-01-26,11.08,2872.87,106.6911
2018-01-29,13.84,2853.53,107.1142
2018-01-30,14.79,2822.43,107.1064
2018-01-31,13.54,2823.81,106.7696
2018-02-01,13.47,2821.98,106.4877
2018-02-02,17.31,2762.13,107.1151
2018-02-05,37.32,2648.94,107.33
2018-02-06,29.98,2695.14,107.5204
2018-02-07,27.73,2681.66,107.7175
2018-02-08,33.46,2581.0,108.3025
2018-02-09,29.06,2619.55,108.2582
2018-02-12,25.61,2656.0,108.0332
2018-02-13,24.97,2662.94,107.7574
2018-02-14,19.26,2698.63,107.4691
2018-02-15,19.13,2731.2,106.9867
2018-02-16,19.46,2732.22,107.0359
2018-02-19,,,
2018-02-20,20.6,2716.26,107.6249
2018-02-21,20.02,2701.33,107.8679
2018-02-22,18.72,2703.96,107.8668
2018-02-23,16.49,2747.3,107.6804
2018-02-26,15.8,2779.6,107.7347
2018-02-27,18.59,2744.28,108.1731
2018-02-28,19.85,2713.83,108.3903
2018-03-01,22.47,2677.67,108.5358
2018-03-02,19.59,2691.25,
2018-03-05,18.73,2720.94,108.3614
2018-03-06,18.36,2728.12,107.7969
2018-03-07,17.76,2726.8,108.0911
2018-03-08,16.54,2738.97,108.2671
2018-03-09,14.64,2786.57,107.923
2018-03-12,15.78,2783.02,107.9438
2018-03-13,16.35,2765.31,107.7384
2018-03-14,17.23,2749.48,107.8623
2018-03-15,16.59,2747.33,108.2032
2018-03-16,15.8,2752.01,108.4332
2018-03-19,19.02,2712.92,108.3145
2018-03-20,18.2,2716.94,108.4953
2018-03-21,17.86,2711.93,
2018-03-22,23.34,2643.69,107.9935
2018-03-23,24.87,2588.26,107.7495
2018-03-26,21.03,2658.55,107.1819
2018-03-27,22.5,2612.62,107.3359
2018-03-28,22.87,2605.0,107.5733
2018-03-29,19.97,2640.87,107.665
2018-03-30,,,107.4784
2018-04-02,23.62,2581.88,107.7033
2018-04-03,21.1,2614.45,107.5624
2018-04-04,20.06,2644.69,107.6361
2018-04-05,18.94,2662.84,107.7281
2018-04-06,21.49,2604.47,107.7886
2018-04-09,21.77,2613.16,107.5316
2018-04-10,20.47,2656.87,107.3659
2018-04-11,20.24,2642.19,107.1224
2018-04-12,18.49,2663.99,107.2905
2018-04-13,17.41,2656.3,107.2368
2018-04-16,16.56,2677.84,107.0595
2018-04-17,15.25,2706.39,107.0344
2018-04-18,15.6,2708.64,107.1096
2018-04-19,15.96,2693.13,107.5197
2018-04-20,16.88,2670.14,108.1787
2018-04-23,16.34,2670.29,108.9332
2018-04-24,18.02,2634.56,108.7906
2018-04-25,17.84,2639.4,109.3447
2018-04-26,16.24,2666.94,109.3646
2018-04-27,15.41,2669.91,109.1735
2018-04-30,15.93,2648.05,109.3363
2018-05-01,15.49,2654.8,109.7445
2018-05-02,15.97,2635.67,110.1625
2018-05-03,15.9,2629.73,110.1803
2018-05-04,14.77,2663.42,110.25
2018-05-07,14.75,2672.63,110.5721
2018-05-08,14.71,2671.92,111.063
2018-05-09,13.42,2697.79,110.8818
2018-05-10,13.23,2723.07,110.405
2018-05-11,12.65,2727.72,110.2847
2018-05-14,12.93,2730.13,110.408
2018-05-15,14.63,2711.45,111.2292
2018-05-16,13.42,2722.46,111.3068
2018-05-17,13.43,2720.13,111.3547
2018-05-18,13.42,2712.97,111.7171
2018-05-21,13.08,2733.01,111.6394
2018-05-22,13.22,2724.44,111.1945
2018-05-23,12.58,2733.29,111.6933
2018-05-24,12.53,2727.76,111.4885
2018-05-25,13.22,2721.33,111.5843
2018-05-28,,,
2018-05-29,17.02,2689.86,112.2127
2018-05-30,14.94,2724.01,111.6731
2018-05-31,15.43,2705.27,111.9894
2018-06-01,13.46,2734.62,111.8265
2018-06-04,12.74,2746.87,111.8247
2018-06-05,12.4,2748.8,112.264
2018-06-06,11.64,2772.35,111.7525
2018-06-07,12.13,2770.37,112.0725
2018-06-08,12.18,2779.03,112.1066
2018-06-11,12.35,2782.0,112.1106
2018-06-12,12.34,2786.85,112.2138
2018-06-13,12.94,2775.63,112.2577
2018-06-14,12.12,2782.49,112.8593
2018-06-15,11.98,2779.66,113.3379
2018-06-18,12.31,2773.75,113.4899
2018-06-19,13.35,2762.59,113.639
2018-06-20,12.79,2767.32,113.4784
2018-06-21,14.64,2749.76,113.6109
2018-06-22,13.77,2754.88,113.3047
2018-06-25,17.33,2717.07,113.286
2018-06-26,15.92,2723.06,113.3016
2018-06-27,17.91,2699.63,113.8971
2018-06-28,16.85,2716.31,113.8405
2018-06-29,16.09,2718.37,113.2586
2018-07-02,15.6,2726.71,114.1673
2018-07-03,16.14,2713.22,113.3222
2018-07-04,,,
2018-07-05,14.97,2736.61,112.9759
2018-07-06,13.37,2759.82,112.6428
2018-07-09,12.69,2784.17,112.6425
2018-07-10,12.64,2793.84,112.5794
2018-07-11,13.63,2774.02,112.8582
2018-07-12,12.58,2798.29,112.779
2018-07-13,12.18,2801.31,113.0705
2018-07-16,12.83,2798.43,112.8437
2018-07-17,12.06,2809.55,113.1504
2018-07-18,12.1,2815.62,113.3348
2018-07-19,12.87,2804.49,113.9463
2018-07-20,12.86,2801.83,113.3213
2018-07-23,12.62,2806.98,113.4246
2018-07-24,12.41,2820.4,113.2045
2018-07-25,12.29,2846.07,112.9221
2018-07-26,12.14,2837.44,112.9179
2018-07-27,13.03,2818.82,112.8125
2018-07-30,14.26,2802.6,112.6044
2018-07-31,12.83,2816.29,112.7299
2018-08-01,13.15,2813.36,112.8899
2018-08-02,12.19,2827.22,113.1679
2018-08-03,11.64,2840.35,113.012
2018-08-06,11.27,2850.4,113.229
2018-08-07,10.93,2858.45,112.9759
2018-08-08,10.85,2857.7,113.1411
2018-08-09,11.27,2853.58,113.3806
2018-08-10,13.16,2833.28,114.3005
2018-08-13,14.78,2821.93,114.851
2018-08-14,13.31,2839.96,114.658
2018-08-15,14.64,2818.37,115.1526
2018-08-16,13.45,2840.69,114.6416
2018-08-17,12.64,2850.13,114.5339
2018-08-20,12.49,2857.05,114.3504
2018-08-21,12.86,2862.96,113.8604
2018-08-22,12.25,2861.82,113.663
2018-08-23,12.41,2856.98,114.0932
2018-08-24,11.99,2874.69,113.5985
2018-08-27,12.16,2896.74,113.2721
2018-08-28,12.5,2897.52,113.3444
2018-08-29,12.25,2914.04,113.6461
2018-08-30,13.53,2901.13,114.0899
2018-08-31,12.86,2901.52,114.2755
2018-09-03,,,
2018-09-04,13.16,2896.72,114.8584
2018-09-05,13.91,2888.6,114.7477
2018-09-06,14.65,2878.05,114.6479
2018-09-07,14.88,2871.68,114.5816
2018-09-10,14.16,2877.13,114.6802
2018-09-11,13.22,2887.89,114.7051
2018-09-12,13.14,2888.92,114.2192
2018-09-13,12.37,2904.18,113.9268
2018-09-14,12.07,2904.98,114.0657
2018-09-17,13.68,2888.8,113.9158
2018-09-18,12.79,2904.31,113.7739
2018-09-19,11.75,2907.95,113.6532
2018-09-20,11.8,2930.75,113.4989
2018-09-21,11.68,2929.67,113.5099
2018-09-24,12.2,2919.37,113.5301
2018-09-25,12.42,2915.56,113.7202
2018-09-26,12.89,2905.97,113.6739
2018-09-27,12.41,2914.0,113.9784
2018-09-28,12.12,2913.98,113.8077
2018-10-01,12.0,2924.59,113.8235
2018-10-02,12.05,2923.43,113.8954
2018-10-03,11.61,2925.51,114.1569
2018-10-04,14.22,2901.61,114.6867
2018-10-05,14.82,2885.57,114.561
2018-10-08,15.69,2884.43,
2018-10-09,15.95,2880.34,114.6583
2018-10-10,22.96,2785.68,114.6072
2018-10-11,24.98,2728.37,114.4074
2018-10-12,21.31,2767.13,114.3691
2018-10-15,21.3,2750.79,114.045
2018-10-16,17.62,2809.92,113.8963
2018-10-17,17.4,2809.21,114.1755
2018-10-18,20.06,2768.78,114.8164
2018-10-19,19.89,2767.78,114.8567
2018-10-22,19.64,2755.88,115.1782
2018-10-23,20.71,2740.69,115.1651
2018-10-24,25.23,2656.1,115.3755
2018-10-25,24.22,2705.57,115.4831
2018-10-26,24.16,2658.69,115.473
2018-10-29,24.7,2641.25,115.8936
2018-10-30,23.35,2682.63,116.2357
2018-10-31,21.23,2711.74,116.5281
2018-11-01,19.34,2740.37,115.8657
2018-11-02,19.51,2723.06,115.643
2018-11-05,19.96,2738.31,115.703
2018-11-06,19.91,2755.45,115.5622
2018-11-07,16.36,2813.89,115.2519
2018-11-08,16.72,2806.83,115.6478
2018-11-09,17.36,2781.01,116.4778
2018-11-12,20.45,2726.22,
2018-11-13,20.02,2722.18,116.6694
2018-11-14,21.25,2701.58,116.498
2018-11-15,19.98,2730.2,116.3861
2018-11-16,18.14,2736.27,115.9258
2018-11-19,20.1,2690.73,115.9859
2018-11-20,22.48,2641.89,116.2367
2018-11-21,20.8,2649.93,116.092
2018-11-22,,,
2018-11-23,21.52,2632.56,116.4713
2018-11-26,18.9,2673.45,116.6208
2018-11-27,19.02,2682.17,116.9001
2018-11-28,18.49,2743.79,116.8343
2018-11-29,18.79,2737.76,116.1961
2018-11-30,18.07,2760.17,116.413
2018-12-03,16.44,2790.37,115.9057
2018-12-04,20.74,2700.06,116.0028
2018-12-05,,,
2018-12-06,21.19,2695.95,116.3991
2018-12-07,23.23,2633.08,116.0847
2018-12-10,22.64,2637.72,116.6746
2018-12-11,21.76,2636.78,116.7564
2018-12-12,21.46,2651.07,116.2214
2018-12-13,20.65,2650.54,116.3974
2018-12-14,21.63,2599.95,116.79
2018-12-17,24.52,2545.94,116.4532
2018-12-18,25.58,2546.16,116.4127
2018-12-19,25.58,2506.96,116.0676
2018-12-20,28.38,2467.42,116.0183
2018-12-21,30.11,2416.62,116.2227
2018-12-24,36.07,2351.1,116.2182
2018-12-25,,,
2018-12-26,30.41,2467.7,116.1162
2018-12-27,29.96,2488.83,115.9927
2018-12-28,28.34,2485.74,115.7232
2018-12-31,25.42,2506.85,115.5674
2019-01-01,,,
2019-01-02,23.22,2510.03,115.7689
2019-01-03,25.45,2447.89,115.4622
2019-01-04,21.38,2531.94,114.9821
2019-01-07,21.4,2549.69,114.5628
2019-01-08,20.47,2574.41,114.7281
2019-01-09,19.98,2584.96,114.1406
2019-01-10,19.5,2596.64,114.0496
2019-01-11,18.19,2596.26,114.0404
2019-01-14,19.07,2582.61,
2019-01-15,18.6,2610.3,114.3402
2019-01-16,19.04,2616.1,114.137
2019-01-17,18.06,2635.96,114.4115
2019-01-18,17.8,2670.71,114.558
2019-01-21,,,
2019-01-22,20.8,2632.9,114.7541
2019-01-23,19.52,2638.7,114.5759
2019-01-24,18.89,2642.33,114.617
2019-01-25,17.42,2664.76,114.0197
2019-01-28,18.87,2643.85,114.0522
2019-01-29,19.13,2640.0,114.026
2019-01-30,17.66,2681.05,114.0731
2019-01-31,16.57,2704.1,113.5504
2019-02-01,16.14,2706.53,113.7548
2019-02-04,15.73,2724.87,113.8766
2019-02-05,15.57,2737.7,114.0431
2019-02-06,15.38,2731.61,114.2305
2019-02-07,16.37,2706.05,114.4339
2019-02-08,15.72,2707.88,114.5003
2019-02-11,15.97,2709.8,115.031
2019-02-12,15.43,2744.73,114.7297
2019-02-13,15.65,2753.03,114.9407
2019-02-14,16.22,2745.73,115.1007
2019-02-15,14.91,2775.6,114.9923
2019-02-18,,,
2019-02-19,14.88,2779.76,114.57
2019-02-20,14.02,2784.7,
2019-02-21,14.46,2774.88,114.5091
2019-02-22,13.51,2792.67,114.2716
2019-02-25,14.85,2796.11,114.1457
2019-02-26,15.17,2793.9,114.0687
2019-02-27,14.7,2792.38,114.0363
2019-02-28,14.78,2784.49,114.1991
2019-03-01,13.57,2803.69,114.537
2019-03-04,14.63,2792.81,114.6925
2019-03-05,14.74,2789.65,114.804
2019-03-06,15.74,2771.45,114.9714
2019-03-07,16.59,2748.93,115.4919
2019-03-08,16.05,2743.07,115.3599
2019-03-11,14.33,2783.3,115.2967
2019-03-12,13.77,2791.52,114.939
2019-03-13,13.41,2810.92,114.7372
2019-03-14,13.5,2808.48,114.79
2019-03-15,12.88,2822.48,114.5815
2019-03-18,13.1,2832.94,114.4375
2019-03-19,13.56,2832.57,114.2324
2019-03-20,13.91,2824.23,114.1509
2019-03-21,13.63,2854.88,114.1684
2019-03-22,16.48,2800.71,114.6856
2019-03-25,16.33,2798.36,114.4171
2019-03-26,14.68,2818.46,114.6414
2019-03-27,15.15,2805.37,115.1243
2019-03-28,14.43,2815.44,115.2581
2019-03-29,13.71,2834.4,115.1371
2019-04-01,13.4,2867.19,114.9362
2019-04-02,13.36,2867.24,115.1173
2019-04-03,13.74,2873.4,114.7211
2019-04-04,13.58,2879.39,114.9697
2019-04-05,12.82,2892.74,114.9726
2019-04-08,13.18,2895.77,114.6893
2019-04-09,14.28,2878.2,114.5321
2019-04-10,13.3,2888.21,114.4269
2019-04-11,13.02,2888.32,114.6303
2019-04-12,12.01,2907.41,114.3531
2019-04-15,12.32,2905.58,114.495
2019-04-16,12.18,2907.06,114.6756
2019-04-17,12.6,2900.45,114.5141
2019-04-18,12.09,2905.03,114.7073
2019-04-19,,,114.6977
2019-04-22,12.42,2907.97,114.7694
2019-04-23,12.28,2933.68,115.1578
2019-04-24,13.14,2927.25,115.4187
2019-04-25,13.25,2926.17,115.7709
2019-04-26,12.73,2939.88,115.4767
2019-04-29,13.11,2943.03,115.5227
2019-04-30,13.12,2945.83,115.3281
2019-05-01,14.8,2923.73,115.0022
2019-05-02,14.42,2917.52,115.5617
2019-05-03,12.87,2945.64,115.2646
2019-05-06,15.44,2932.47,115.3811
2019-05-07,19.32,2884.05,115.6116
2019-05-08,19.4,2879.42,115.5171
2019-05-09,19.1,2870.72,115.8421
2019-05-10,16.04,2881.4,115.5334
2019-05-13,20.55,2811.87,115.915
2019-05-14,18.06,2834.41,115.9425
2019-05-15,16.44,2850.96,115.8565
2019-05-16,15.29,2876.32,116.0346
2019-05-17,15.96,2859.53,116.448
2019-05-20,16.31,2840.23,116.3119
2019-05-21,14.95,2864.36,116.2844
2019-05-22,14.75,2856.27,116.2412
2019-05-23,16.92,2822.24,116.2368
2019-05-24,15.85,2826.06,116.0806
2019-05-27,,,
2019-05-28,17.5,2802.39,116.3174
2019-05-29,17.9,2783.02,116.5535
2019-05-30,17.3,2788.86,116.3989
2019-05-31,18.71,2752.06,116.7273
2019-06-03,18.86,2744.45,116.4764
2019-06-04,16.97,2803.27,116.091
2019-06-05,16.09,2826.15,116.03
2019-06-06,15.93,2843.49,115.9771
2019-06-07,16.3,2873.34,115.7368
2019-06-10,15.94,2886.73,115.5001
2019-06-11,15.99,2885.72,115.3794
2019-06-12,15.91,2879.84,115.438
2019-06-13,15.82,2891.64,115.6275
2019-06-14,15.28,2886.98,115.9057
2019-06-17,15.35,2889.67,115.9684
2019-06-18,15.15,2917.75,115.8797
2019-06-19,14.33,2926.46,115.7889
2019-06-20,14.75,2954.18,114.8046
2019-06-21,15.4,2950.46,114.8377
2019-06-24,15.26,2945.35,114.6559
2019-06-25,16.28,2917.38,114.6363
2019-06-26,16.21,2913.78,114.5608
2019-06-27,15.82,2924.92,114.665
2019-06-28,15.08,2941.76,114.5821
2019-07-01,14.06,2964.33,114.7239
2019-07-02,12.93,2973.01,114.8258
2019-07-03,12.57,2995.82,114.8135
2019-07-04,,,
2019-07-05,13.28,2990.41,115.1132
2019-07-08,13.96,2975.95,115.0254
2019-07-09,14.09,2979.63,115.1017
2019-07-10,13.03,2993.07,115.0879
2019-07-11,12.93,2999.91,114.8361
2019-07-12,12.39,3013.77,114.7685
2019-07-15,12.68,3014.3,114.6819
2019-07-16,12.86,3004.04,115.0111
2019-07-17,13.97,2984.42,114.8819
2019-07-18,13.53,2995.11,114.8744
2019-07-19,14.45,2976.61,114.8695
2019-07-22,13.53,2985.03,115.0018
2019-07-23,12.61,3005.47,115.2995
2019-07-24,12.07,3019.56,115.2436
2019-07-25,12.74,3003.67,115.2982
2019-07-26,12.16,3025.86,115.5449
2019-07-29,12.83,3020.97,115.5885
2019-07-30,13.94,3013.18,115.6211
2019-07-31,16.12,2980.38,115.4946
2019-08-01,17.87,2953.56,116.0499
2019-08-02,17.61,2932.05,116.1864
2019-08-05,24.59,2844.74,116.5851
2019-08-06,20.17,2881.77,116.6904
2019-08-07,19.49,2883.98,116.7987
2019-08-08,16.91,2938.09,116.474
2019-08-09,17.97,2918.65,116.4419
2019-08-12,21.09,2883.75,116.7548
2019-08-13,17.52,2926.32,116.7267
2019-08-14,22.1,2840.6,117.0913
2019-08-15,21.18,2847.6,117.2239
2019-08-16,18.47,2888.68,117.0786
2019-08-19,16.88,2923.65,117.3886
2019-08-20,17.5,2900.51,117.3726
2019-08-21,15.8,2924.43,117.1764
2019-08-22,16.68,2922.95,117.3558
2019-08-23,19.87,2847.11,117.3009
2019-08-26,19.32,2878.38,117.6658
2019-08-27,20.31,2869.16,117.75
2019-08-28,19.35,2887.94,117.8767
2019-08-29,17.88,2924.58,118.0625
2019-08-30,18.98,2926.46,118.1575
2019-09-02,,,
2019-09-03,19.66,2906.27,118.3113
2019-09-04,17.33,2937.78,117.6729
2019-09-05,16.27,2976.0,117.4776
2019-09-06,15.0,2978.71,117.1292
2019-09-09,15.27,2978.43,117.0601
2019-09-10,15.2,2979.39,117.0887
2019-09-11,14.61,3000.93,117.3125
2019-09-12,14.22,3009.57,116.8375
2019-09-13,13.74,3007.39,116.7677
2019-09-16,14.67,2997.96,117.0251
2019-09-17,14.44,3005.7,116.9826
2019-09-18,13.95,3006.73,116.9766
2019-09-19,14.05,3006.79,117.0861
2019-09-20,15.32,2992.07,117.1819
2019-09-23,14.91,2991.78,117.2986
2019-09-24,17.05,2966.6,117.2227
2019-09-25,15.96,2984.87,117.6527
2019-09-26,16.07,2977.62,117.7267
2019-09-27,17.22,2961.79,117.7218
2019-09-30,16.24,2976.74,117.9461
2019-10-01,18.56,2940.25,117.9595
2019-10-02,20.56,2887.61,117.9671
2019-10-03,19.12,2910.63,117.6608
2019-10-04,17.04,2952.01,117.5288
2019-10-07,17.86,2938.79,117.5533
2019-10-08,20.28,2893.06,117.7407
2019-10-09,18.64,2919.4,117.6835
2019-10-10,17.57,2938.13,117.2801
2019-10-11,15.58,2970.27,116.8239
2019-10-14,14.57,2966.15,
2019-10-15,13.54,2995.68,116.8111
2019-10-16,13.68,2989.69,116.6425
2019-10-17,13.79,2997.95,116.2615
2019-10-18,14.25,2986.2,116.1344
2019-10-21,14.0,3006.72,116.0436
2019-10-22,14.46,2995.99,115.9851
2019-10-23,14.01,3004.52,116.0586
2019-10-24,13.71,3010.29,116.1278
2019-10-25,12.65,3022.55,116.0774
2019-10-28,13.11,3039.42,116.0222
2019-10-29,13.2,3036.89,115.9797
2019-10-30,12.33,3046.77,116.1636
2019-10-31,13.22,3037.56,115.9125
2019-11-01,12.3,3066.91,115.7312
2019-11-04,12.83,3078.27,115.8624
2019-11-05,13.1,3074.62,116.1138
2019-11-06,12.62,3076.78,116.1004
2019-11-07,12.73,3085.18,116.1172
2019-11-08,12.07,3093.08,116.3436
2019-11-11,12.69,3087.01,
2019-11-12,12.68,3091.84,116.5837
2019-11-13,13.0,3094.04,116.8397
2019-11-14,13.05,3096.63,116.8022
2019-11-15,12.05,3120.46,116.4401
2019-11-18,12.46,3122.03,116.3625
2019-11-19,12.86,3120.18,116.5391
2019-11-20,12.78,3108.46,116.828
2019-11-21,13.13,3103.54,116.7435
2019-11-22,12.34,3110.29,116.9137
2019-11-25,11.87,3133.64,117.0098
2019-11-26,11.54,3140.52,117.0513
2019-11-27,11.75,3153.63,117.1273
2019-11-28,,,
2019-11-29,12.62,3140.98,117.1204
2019-12-02,14.91,3113.87,116.9647
2019-12-03,15.96,3093.2,116.8898
2019-12-04,14.8,3112.76,116.692
2019-12-05,14.52,3117.43,116.3838
2019-12-06,13.62,3145.91,116.5381
2019-12-09,15.86,3135.96,116.3283
2019-12-10,15.68,3132.52,116.2542
2019-12-11,14.99,3141.63,116.1478
2019-12-12,13.94,3168.57,115.8741
2019-12-13,12.63,3168.8,115.6967
2019-12-16,12.14,3191.45,115.555
2019-12-17,12.29,3192.52,115.5553
2019-12-18,12.58,3191.14,115.6618
2019-12-19,12.5,3205.37,115.5988
2019-12-20,12.51,3221.22,115.7598
2019-12-23,12.61,3224.01,115.8059
2019-12-24,12.67,3223.38,
2019-12-25,,,
2019-12-26,12.65,3239.91,115.634
2019-12-27,13.43,3240.02,115.22
2019-12-30,14.82,3221.29,114.9631
2019-12-31,13.78,3230.78,114.669
2020-01-01,,,
2020-01-02,12.47,3257.85,114.9745
2020-01-03,14.02,3234.85,114.9867
2020-01-06,13.85,3246.28,114.9557
2020-01-07,13.79,3237.18,115.1477
2020-01-08,13.45,3253.05,115.1328
2020-01-09,12.54,3274.7,115.2331
2020-01-10,12.56,3265.35,115.0677
2020-01-13,12.32,3288.13,115.0342
2020-01-14,12.39,3283.15,115.0239
2020-01-15,12.42,3289.29,114.9528
2020-01-16,12.32,3316.81,115.0006
2020-01-17,12.1,3329.62,115.0656
2020-01-20,,,
2020-01-21,12.85,3320.79,115.1876
2020-01-22,12.91,3321.75,115.2273
2020-01-23,12.98,3325.54,115.5545
2020-01-24,14.56,3295.47,115.5556
2020-01-27,18.23,3243.63,115.8004
2020-01-28,16.28,3276.24,115.7239
2020-01-29,16.39,3273.4,115.7003
2020-01-30,15.49,3283.66,115.8077
2020-01-31,18.84,3225.52,115.7345
2020-02-03,17.97,3248.92,116.1172
2020-02-04,16.05,3297.59,115.9291
2020-02-05,15.15,3334.69,116.009
2020-02-06,14.96,3345.78,116.1518
2020-02-07,15.47,3327.71,116.5086
2020-02-10,15.04,3352.09,116.5711
2020-02-11,15.18,3357.75,116.3585
2020-02-12,13.74,3379.45,116.2794
2020-02-13,14.15,3373.94,116.3999
2020-02-14,13.68,3380.16,116.4223
2020-02-17,,,
2020-02-18,14.83,3370.29,116.6039
2020-02-19,14.38,3386.15,116.7829
2020-02-20,15.56,3373.23,117.2454
2020-02-21,17.08,3337.75,117.0473
2020-02-24,25.03,3225.89,117.4018
2020-02-25,27.85,3128.21,117.2425
2020-02-26,27.56,3116.39,117.405
2020-02-27,39.16,2978.76,117.3678
2020-02-28,40.11,2954.22,117.6568
2020-03-02,33.42,3090.23,116.8144
2020-03-03,36.82,3003.37,116.4958
2020-03-04,31.99,3130.12,116.7802
2020-03-05,39.62,3023.94,116.7901
2020-03-06,41.94,2972.37,116.7106
2020-03-09,54.46,2746.56,117.1871
2020-03-10,47.3,2882.23,117.9027
2020-03-11,53.9,2741.38,118.2505
2020-03-12,75.47,2480.64,120.4883
2020-03-13,57.83,2711.02,120.4388
2020-03-16,82.69,2386.13,120.9352
2020-03-17,75.91,2529.19,122.4816
2020-03-18,76.45,2398.1,124.1623
2020-03-19,72.0,2409.39,125.0587
2020-03-20,66.04,2304.92,124.9362
2020-03-23,61.59,2237.4,126.1262
2020-03-24,61.67,2447.33,125.5001
2020-03-25,63.95,2475.56,124.7916
2020-03-26,61.0,2630.07,122.4308
2020-03-27,65.54,2541.47,122.4007
2020-03-30,57.08,2626.65,123.2883
2020-03-31,53.54,2584.59,122.5301
2020-04-01,57.06,2470.5,123.7933
2020-04-02,50.91,2526.9,123.5916
2020-04-03,46.8,2488.65,124.4152
2020-04-06,45.24,2663.68,124.16
2020-04-07,46.7,2659.41,123.0956
2020-04-08,43.35,2749.98,123.2216
2020-04-09,41.67,2789.82,122.476
2020-04-10,,,122.1592
2020-04-13,41.17,2761.63,122.5203
2020-04-14,37.76,2846.06,122.1121
2020-04-15,40.84,2783.36,123.0752
2020-04-16,40.11,2799.55,123.4615
2020-04-17,38.15,2874.56,122.871
2020-04-20,43.83,2823.16,123.1033
2020-04-21,45.41,2736.56,123.9116
2020-04-22,41.98,2799.31,123.9256
2020-04-23,41.38,2797.8,123.7542
2020-04-24,35.93,2836.74,124.1615
2020-04-27,33.29,2878.48,123.8843
2020-04-28,33.57,2863.39,123.3693
2020-04-29,31.23,2939.51,122.7782
2020-04-30,34.15,2912.43,122.327
2020-05-01,37.19,2830.71,123.1492
2020-05-04,35.97,2842.74,123.2117
2020-05-05,33.61,2868.44,122.803
2020-05-06,34.12,2848.42,123.609
2020-05-07,31.44,2881.19,123.1249
2020-05-08,27.98,2929.8,122.5379
2020-05-11,27.57,2930.32,123.2333
2020-05-12,33.04,2870.12,123.0592
2020-05-13,35.28,2820.0,123.5408
2020-05-14,32.61,2852.5,123.6429
2020-05-15,31.89,2863.7,123.5991
2020-05-18,29.3,2953.91,122.7968
2020-05-19,30.53,2922.94,122.5655
2020-05-20,27.99,2971.61,122.1007
2020-05-21,29.53,2948.51,122.0914
2020-05-22,28.16,2955.45,122.3211
2020-05-25,,,
2020-05-26,28.01,2991.77,121.3864
2020-05-27,27.62,3036.13,121.5677
2020-05-28,28.59,3029.73,121.0138
2020-05-29,27.51,3044.31,120.9458
2020-06-01,28.23,3055.73,120.2686
2020-06-02,26.84,3080.82,119.6854
2020-06-03,25.66,3122.87,119.2556
2020-06-04,25.81,3112.35,119.3014
2020-06-05,24.52,3193.93,118.8138
2020-06-08,25.81,3232.39,118.6621
2020-06-09,27.57,3207.18,118.5893
2020-06-10,27.57,3190.14,118.5231
2020-06-11,40.79,3002.1,119.2347
2020-06-12,36.09,3041.31,119.6645
2020-06-15,34.4,3066.59,119.9539
2020-06-16,33.67,3124.74,119.567
2020-06-17,33.47,3113.49,119.9105
2020-06-18,32.94,3115.34,120.2173
2020-06-19,35.12,3097.74,120.2186
2020-06-22,31.77,3117.86,119.7532
2020-06-23,31.37,3131.29,119.3285
2020-06-24,33.84,3050.33,119.9744
2020-06-25,32.22,3083.76,120.2997
2020-06-26,34.73,3009.05,120.533
2020-06-29,31.78,3053.24,120.6658
2020-06-30,30.43,3100.29,120.4649
2020-07-01,28.62,3115.86,120.0808
2020-07-02,27.68,3130.01,119.8555
2020-07-03,,,
2020-07-06,27.94,3179.72,119.2852
2020-07-07,29.43,3145.32,119.5717
2020-07-08,28.08,3169.94,119.5525
2020-07-09,29.26,3152.05,119.5129
2020-07-10,27.29,3185.04,119.3509
2020-07-13,32.19,3155.22,119.1891
2020-07-14,29.52,3197.52,119.3901
2020-07-15,27.76,3226.56,119.0331
2020-07-16,28.0,3215.57,118.9275
2020-07-17,25.68,3224.73,119.124
2020-07-20,24.46,3251.84,119.0483
2020-07-21,24.84,3257.3,118.4042
2020-07-22,24.32,3276.02,118.1337
2020-07-23,26.08,3235.66,118.0613
2020-07-24,25.84,3215.63,118.1329
2020-07-27,24.74,3239.41,117.3869
2020-07-28,25.44,3218.44,117.3189
2020-07-29,24.1,3258.44,117.2126
2020-07-30,24.76,3246.22,117.4008
2020-07-31,24.46,3271.12,117.2082
2020-08-03,24.28,3294.61,117.8074
2020-08-04,23.76,3306.51,117.7833
2020-08-05,22.99,3327.77,116.8736
2020-08-06,22.65,3349.16,117.0422
2020-08-07,22.21,3351.28,117.6239
2020-08-10,22.13,3360.47,117.5821
2020-08-11,24.03,3333.69,117.3781
2020-08-12,22.28,3380.35,117.2559
2020-08-13,22.13,3373.43,117.1193
2020-08-14,22.05,3372.85,116.9395
2020-08-17,21.35,3381.99,116.749
2020-08-18,21.51,3389.78,116.5593
2020-08-19,22.54,3374.85,116.567
2020-08-20,22.72,3385.51,116.8126
2020-08-21,22.54,3397.16,117.0572
2020-08-24,22.37,3431.28,116.912
2020-08-25,22.03,3443.62,116.8206
2020-08-26,23.27,3478.73,116.6243
2020-08-27,24.47,3484.55,116.649
2020-08-28,22.96,3508.01,115.9374
2020-08-31,26.41,3500.31,115.7586
2020-09-01,26.12,3526.65,115.5687
2020-09-02,26.57,3580.84,116.0304
2020-09-03,33.6,3455.06,116.0685
2020-09-04,30.75,3426.96,116.0347
2020-09-07,,,
2020-09-08,31.46,3331.84,116.4618
2020-09-09,28.81,3398.96,116.1291
2020-09-10,29.71,3339.19,115.8806
2020-09-11,26.87,3340.97,116.0866
2020-09-14,25.85,3383.54,115.6428
2020-09-15,25.59,3401.2,115.5908
2020-09-16,26.04,3385.49,115.3537
2020-09-17,26.46,3357.01,115.4392
2020-09-18,25.83,3319.47,115.2395
2020-09-21,27.78,3281.06,116.378
2020-09-22,26.86,3315.57,116.5438
2020-09-23,28.58,3236.92,117.2526
2020-09-24,28.51,3246.59,117.5473
2020-09-25,26.38,3298.46,117.8679
2020-09-28,26.19,3351.6,117.6178
2020-09-29,26.27,3335.47,117.526
2020-09-30,26.37,3363.0,116.946
2020-10-01,26.7,3380.8,116.7227
2020-10-02,27.63,3348.44,116.7321
2020-10-05,27.96,3408.63,116.1767
2020-10-06,29.48,3360.95,116.2681
2020-10-07,28.06,3419.45,116.3447
2020-10-08,26.36,3446.83,116.1657
2020-10-09,25.0,3477.13,115.2757
2020-10-12,25.07,3534.22,
2020-10-13,26.07,3511.93,115.9107
2020-10-14,26.4,3488.67,115.6872
2020-10-15,26.97,3483.34,116.0964
2020-10-16,27.41,3483.81,115.7679
2020-10-19,29.18,3426.92,115.4031
2020-10-20,29.35,3443.12,115.2485
2020-10-21,28.65,3435.56,114.9108
2020-10-22,28.11,3453.49,115.1158
2020-10-23,27.55,3465.39,115.0126
2020-10-26,32.46,3400.97,115.2797
2020-10-27,33.35,3390.68,115.0131
2020-10-28,40.28,3271.03,115.8023
2020-10-29,37.59,3310.11,116.3069
2020-10-30,38.02,3269.96,116.1354
2020-11-02,37.13,3310.24,116.2361
2020-11-03,35.55,3369.16,115.4802
2020-11-04,29.57,3443.44,115.1677
2020-11-05,27.58,3510.45,114.4556
2020-11-06,24.86,3509.44,113.9919
2020-11-09,25.75,3550.5,114.0895
2020-11-10,24.8,3545.53,114.0757
2020-11-11,23.45,3572.66,
2020-11-12,25.35,3537.01,114.2843
2020-11-13,23.1,3585.15,114.2397
2020-11-16,22.45,3626.91,113.8312
2020-11-17,22.71,3609.53,113.682
2020-11-18,23.84,3567.79,113.46
2020-11-19,23.11,3581.87,113.694
2020-11-20,23.7,3557.54,113.489
2020-11-23,22.66,3577.59,113.7548
2020-11-24,21.64,3635.41,113.4316
2020-11-25,21.25,3629.65,113.1823
2020-11-26,,,
2020-11-27,20.84,3638.35,
2020-11-30,20.57,3621.63,113.2256
2020-12-01,20.77,3662.45,112.8063
2020-12-02,21.17,3669.01,112.6115
2020-12-03,21.28,3666.72,112.0236
2020-12-04,20.79,3699.12,111.7778
2020-12-07,21.3,3691.96,111.8385
2020-12-08,20.68,3702.25,111.8639
2020-12-09,22.27,3672.82,112.0305
2020-12-10,22.52,3668.1,111.9788
2020-12-11,23.31,3663.46,112.1417
2020-12-14,24.72,3647.49,112.1708
2020-12-15,22.89,3694.62,111.8601
2020-12-16,22.5,3701.17,111.7157
2020-12-17,21.93,3722.48,111.2226
2020-12-18,21.57,3709.41,111.6071
2020-12-21,25.16,3694.92,111.9415
2020-12-22,24.23,3687.26,112.1947
2020-12-23,23.31,3690.01,111.9807
2020-12-24,21.53,3703.06,
2020-12-25,,,
2020-12-28,21.7,3735.36,111.9752
2020-12-29,23.08,3727.04,111.5172
2020-12-30,22.77,3732.04,111.3084
2020-12-31,22.75,3756.07,111.3169
2021-01-01,,,
2021-01-04,26.97,3700.65,111.2075
2021-01-05,25.34,3726.86,110.9574
2021-01-06,25.07,3748.14,110.8502
2021-01-07,22.37,3803.79,111.3042
2021-01-08,21.56,3824.68,111.2847
2021-01-11,24.08,3799.61,111.8257
2021-01-12,23.33,3801.19,111.5501
2021-01-13,22.21,3809.84,111.3622
2021-01-14,23.25,3795.54,111.1567
2021-01-15,24.34,3768.25,111.5106
2021-01-18,,,
2021-01-19,23.24,3798.91,111.4527
2021-01-20,21.58,3851.85,
2021-01-21,21.32,3853.07,111.1973
2021-01-22,21.91,3841.47,111.5516
2021-01-25,23.19,3855.36,111.8676
2021-01-26,23.02,3849.62,111.6572
2021-01-27,37.21,3750.77,112.0782
2021-01-28,30.21,3787.38,112.0059
2021-01-29,33.09,3714.24,111.9511
2021-02-01,30.24,3773.86,112.4189
2021-02-02,25.56,3826.31,112.2862
2021-02-03,22.91,3830.17,112.2567
2021-02-04,21.77,3871.74,112.7469
2021-02-05,20.87,3886.83,112.2379
2021-02-08,21.24,3915.59,112.0428
2021-02-09,21.63,3911.23,111.7675
2021-02-10,21.99,3909.88,111.5834
2021-02-11,21.25,3916.38,111.5272
2021-02-12,19.97,3934.83,111.4889
2021-02-15,,,
2021-02-16,21.46,3932.59,111.7879
2021-02-17,21.5,3931.33,112.0204
2021-02-18,22.49,3913.97,112.1603
2021-02-19,22.05,3906.71,111.7058
2021-02-22,23.45,3876.5,111.918
2021-02-23,23.11,3881.37,111.8981
2021-02-24,21.34,3925.43,111.7212
2021-02-25,28.89,3829.34,111.9253
2021-02-26,27.95,3811.15,112.8306
2021-03-01,23.35,3901.82,112.5263
2021-03-02,24.1,3870.29,112.5342
2021-03-03,26.67,3819.72,112.7617
2021-03-04,28.57,3768.47,112.7037
2021-03-05,24.66,3841.94,113.7487
2021-03-08,25.47,3821.35,114.2678
2021-03-09,24.03,3875.44,113.928
2021-03-10,22.56,3898.81,113.5881
2021-03-11,21.91,3939.34,112.9214
2021-03-12,20.69,3943.34,113.0269
2021-03-15,20.03,3968.94,113.1928
2021-03-16,19.79,3962.71,112.9839
2021-03-17,19.23,3974.12,113.1589
2021-03-18,21.58,3915.46,112.7744
2021-03-19,20.95,3913.1,112.9756
2021-03-22,18.88,3940.59,113.0023
2021-03-23,20.3,3910.52,113.2916
2021-03-24,21.2,3889.14,113.6565
2021-03-25,19.81,3909.52,114.0016
2021-03-26,18.86,3974.54,113.7406
2021-03-29,20.74,3971.09,113.9314
2021-03-30,19.61,3958.55,114.203
2021-03-31,19.4,3972.89,113.8234
2021-04-01,17.33,4019.87,113.7389
2021-04-02,,,113.7315
2021-04-05,17.91,4077.91,113.394
2021-04-06,18.12,4073.94,113.1464
2021-04-07,17.16,4079.95,113.2436
2021-04-08,16.95,4097.17,113.0917
2021-04-09,16.69,4128.8,113.2028
2021-04-12,16.91,4127.99,113.1815
2021-04-13,16.65,4141.59,113.0391
2021-04-14,16.99,4124.66,112.7849
2021-04-15,16.57,4170.42,112.6181
2021-04-16,16.25,4185.47,112.4814
2021-04-19,17.29,4163.26,112.1835
2021-04-20,18.68,4134.94,112.2354
2021-04-21,17.5,4173.42,112.1771
2021-04-22,18.71,4134.98,112.2297
2021-04-23,17.33,4180.17,112.0889
2021-04-26,17.64,4187.62,111.8109
2021-04-27,17.56,4186.72,111.9097
2021-04-28,17.28,4183.18,111.7909
2021-04-29,17.61,4211.47,111.7464
2021-04-30,18.61,4181.17,112.0839
2021-05-03,18.31,4192.66,112.005
2021-05-04,19.48,4164.66,112.2896
2021-05-05,19.15,4167.59,112.1514
2021-05-06,18.39,4201.62,111.8401
2021-05-07,16.69,4232.6,111.0249
2021-05-10,19.66,4188.43,110.7905
2021-05-11,21.84,4152.1,110.8921
2021-05-12,27.59,4063.04,111.5636
2021-05-13,23.13,4112.5,111.5955
2021-05-14,18.81,4173.85,111.1353
2021-05-17,19.72,4163.29,111.079
2021-05-18,21.34,4127.83,110.8317
2021-05-19,22.18,4115.68,110.8807
2021-05-20,20.67,4159.12,110.8605
2021-05-21,20.15,4155.86,111.0576
2021-05-24,18.4,4197.05,110.9118
2021-05-25,18.84,4188.13,110.842
2021-05-26,17.36,4195.99,110.8677
2021-05-27,16.74,4200.88,110.8688
2021-05-28,16.76,4204.11,110.7576
2021-05-31,,,
2021-06-01,17.9,4202.04,110.5046
2021-06-02,17.48,4208.12,110.5799
2021-06-03,18.04,4192.85,111.1782
2021-06-04,16.42,4229.89,110.7521
2021-06-07,16.42,4226.52,110.5155
2021-06-08,17.07,4227.26,110.649
2021-06-09,17.89,4219.55,110.5707
2021-06-10,16.1,4239.18,110.5456
2021-06-11,15.65,4247.44,111.0933
2021-06-14,16.39,4255.15,110.9659
2021-06-15,17.02,4246.59,111.3507
2021-06-16,18.15,4223.7,111.1165
2021-06-17,17.75,4221.86,112.5772
2021-06-18,20.7,4166.45,113.0408
2021-06-21,17.89,4224.79,112.8391
2021-06-22,16.66,4246.44,112.9174
2021-06-23,16.32,4241.84,112.3819
2021-06-24,15.97,4266.49,112.326
2021-06-25,15.62,4280.7,111.9655
2021-06-28,15.76,4290.61,112.0248
2021-06-29,16.02,4291.8,112.2613
2021-06-30,15.83,4297.5,112.5533
2021-07-01,15.48,4319.94,112.74
2021-07-02,15.07,4352.34,112.5425
2021-07-05,,,
2021-07-06,16.44,4343.54,112.9516
2021-07-07,16.2,4358.13,113.1048
2021-07-08,19.0,4320.82,113.0776
2021-07-09,16.18,4369.55,112.8375
2021-07-12,16.17,4384.63,112.7611
2021-07-13,17.12,4369.21,113.0063
2021-07-14,16.33,4374.3,112.8801
2021-07-15,17.01,4360.03,113.0041
2021-07-16,18.45,4327.16,113.0428
2021-07-19,22.5,4258.49,113.5472
2021-07-20,19.73,4323.06,113.7502
2021-07-21,17.91,4358.69,113.3926
2021-07-22,17.69,4367.48,113.4695
2021-07-23,17.2,4411.79,113.4398
2021-07-26,17.58,4422.3,113.2238
2021-07-27,19.36,4401.46,113.2227
2021-07-28,18.31,4400.64,113.1807
2021-07-29,17.7,4419.15,112.4834
2021-07-30,18.24,4395.26,112.6714
2021-08-02,19.46,4387.16,112.6691
2021-08-03,18.04,4423.15,112.8228
2021-08-04,17.97,4402.66,112.8953
2021-08-05,17.28,4429.1,112.7674
2021-08-06,16.15,4436.52,113.3088
2021-08-09,16.72,4432.35,113.4521
2021-08-10,16.79,4436.75,113.4973
2021-08-11,16.06,4447.7,113.282
2021-08-12,15.59,4460.83,113.2691
2021-08-13,15.45,4468.0,113.0615
2021-08-16,16.12,4479.71,113.1698
2021-08-17,17.91,4448.08,113.6174
2021-08-18,21.57,4400.27,113.6959
2021-08-19,21.67,4405.8,114.1106
2021-08-20,18.56,4441.67,114.5009
2021-08-23,17.15,4479.53,113.9418
2021-08-24,17.22,4486.23,113.6795
2021-08-25,16.79,4496.19,113.6322
2021-08-26,18.84,4470.0,113.7883
2021-08-27,16.39,4509.37,113.3404
2021-08-30,16.19,4528.79,113.246
2021-08-31,16.48,4522.68,113.1076
2021-09-01,16.11,4524.09,112.8732
2021-09-02,16.41,4536.95,112.7863
2021-09-03,16.41,4535.43,112.5476
2021-09-06,,,
2021-09-07,18.14,4520.03,112.9795
2021-09-08,17.96,4514.07,113.2319
2021-09-09,18.8,4493.28,113.043
2021-09-10,20.95,4458.58,112.9425
2021-09-13,19.37,4468.73,113.0341
2021-09-14,19.46,4443.05,113.0061
2021-09-15,18.18,4480.7,112.9773
2021-09-16,18.69,4473.75,113.3036
2021-09-17,20.81,4432.99,113.5989
2021-09-20,25.71,4357.73,113.9422
2021-09-21,24.36,4354.19,113.8179
2021-09-22,20.87,4395.64,113.6223
2021-09-23,18.63,4448.98,113.513
2021-09-24,17.75,4455.48,113.7597
2021-09-27,18.76,4443.11,113.7432
2021-09-28,23.25,4352.63,114.2469
2021-09-29,22.56,4359.46,114.7092
2021-09-30,23.14,4307.54,114.6403
2021-10-01,21.15,4357.04,114.3798
2021-10-04,22.96,4300.46,114.2739
2021-10-05,21.3,4345.72,114.3654
2021-10-06,21.0,4363.55,114.7185
2021-10-07,19.54,4399.76,114.5044
2021-10-08,18.77,4391.34,114.5986
2021-10-11,20.0,4361.19,
2021-10-12,19.85,4350.65,114.7542
2021-10-13,18.64,4363.8,114.4705
2021-10-14,16.86,4438.26,114.2053
2021-10-15,16.3,4471.37,114.0905
2021-10-18,16.31,4486.46,113.9899
2021-10-19,15.7,4519.63,113.647
2021-10-20,15.49,4536.19,113.5083
2021-10-21,15.01,4549.78,113.6188
2021-10-22,15.43,4544.9,113.67
2021-10-25,15.24,4566.48,113.605
2021-10-26,15.98,4574.79,113.674
2021-10-27,16.98,4551.68,113.6218
2021-10-28,16.53,4596.42,113.4389
2021-10-29,16.26,4605.38,114.1349
2021-11-01,16.41,4613.67,114.2067
2021-11-02,16.03,4630.65,114.2847
2021-11-03,15.1,4660.57,114.3593
2021-11-04,15.44,4680.06,114.3558
2021-11-05,16.48,4697.53,114.0732
2021-11-08,17.22,4701.7,113.8256
2021-11-09,17.78,4685.25,113.762
2021-11-10,18.73,4646.71,114.1484
2021-11-11,17.66,4649.27,
2021-11-12,16.29,4682.85,114.5144
2021-11-15,16.49,4682.8,114.5876
2021-11-16,16.37,4700.9,115.136
2021-11-17,17.11,4688.67,115.0263
2021-11-18,17.59,4704.54,115.0678
2021-11-19,17.91,4697.96,115.2187
2021-11-22,19.17,4682.94,115.6481
2021-11-23,19.38,4690.7,116.0118
2021-11-24,18.58,4701.46,116.2711
2021-11-25,,,
2021-11-26,28.62,4594.62,116.5103
2021-11-29,22.96,4655.27,116.581
2021-11-30,27.19,4567.0,116.2071
2021-12-01,31.12,4513.04,115.889
2021-12-02,27.95,4577.1,116.018
2021-12-03,30.67,4538.43,116.2377
2021-12-06,27.18,4591.67,116.1538
2021-12-07,21.89,4686.75,115.8555
2021-12-08,19.9,4701.21,115.4418
2021-12-09,21.58,4667.45,115.7784
2021-12-10,18.69,4712.02,115.5732
2021-12-13,20.31,4668.97,115.842
2021-12-14,21.89,4634.09,116.2397
2021-12-15,19.29,4709.85,116.4219
2021-12-16,20.57,4668.67,115.7146
2021-12-17,21.57,4620.64,115.791
2021-12-20,22.87,4568.02,116.0092
2021-12-21,21.01,4649.23,116.1089
2021-12-22,18.63,4696.56,115.7485
2021-12-23,17.96,4725.79,115.5337
2021-12-24,,,
2021-12-27,17.68,4791.19,115.4684
2021-12-28,17.54,4786.35,115.4192
2021-12-29,16.95,4793.06,115.3678
2021-12-30,17.33,4778.73,115.283
2021-12-31,17.22,4766.18,
2022-01-03,16.6,4796.56,115.4101
2022-01-04,16.91,4793.54,115.3103
2022-01-05,19.73,4700.58,115.137
2022-01-06,19.61,4696.05,115.4046
2022-01-07,18.76,4677.03,115.0451
2022-01-10,19.4,4670.29,115.2216
2022-01-11,18.41,4713.07,114.8332
2022-01-12,17.62,4726.35,114.355
2022-01-13,20.31,4659.03,114.177
2022-01-14,19.19,4662.85,114.3825
2022-01-17,,,
2022-01-18,22.79,4577.11,114.7373
2022-01-19,23.85,4532.76,114.6109
2022-01-20,25.59,4482.73,114.4642
2022-01-21,28.85,4397.94,114.6125
2022-01-24,29.9,4410.13,115.2034
2022-01-25,31.16,4356.45,115.1654
2022-01-26,31.96,4349.93,115.0922
2022-01-27,30.49,4326.51,115.978
2022-01-28,27.66,4431.85,116.0393
2022-01-31,24.83,4515.55,115.566
2022-02-01,21.96,4546.54,115.3685
2022-02-02,22.09,4589.38,115.1538
2022-02-03,24.35,4477.44,114.9065
2022-02-04,23.22,4500.53,115.1362
2022-02-07,22.86,4483.87,115.0098
2022-02-08,21.44,4521.54,115.0892
2022-02-09,19.96,4587.18,114.8232
2022-02-10,23.91,4504.08,114.5527
2022-02-11,27.36,4418.64,114.8413
2022-02-14,28.33,4401.67,115.1946
2022-02-15,25.7,4471.07,114.93
2022-02-16,24.29,4475.01,114.6886
2022-02-17,28.11,4380.26,114.6755
2022-02-18,27.75,4348.87,114.7982
2022-02-21,,,
2022-02-22,28.81,4304.76,114.7002
2022-02-23,31.02,4225.5,114.6668
2022-02-24,30.32,4288.7,115.9419
2022-02-25,27.59,4384.65,115.2577
2022-02-28,30.15,4373.94,115.2224
2022-03-01,33.32,4306.26,115.7962
2022-03-02,30.74,4386.54,115.7623
2022-03-03,30.48,4363.49,115.9495
2022-03-04,31.98,4328.87,116.6503
2022-03-07,36.45,4201.09,117.3278
2022-03-08,35.13,4170.7,117.6176
2022-03-09,32.45,4277.88,116.5961
2022-03-10,30.23,4259.52,116.7401
2022-03-11,30.75,4204.31,117.0192
2022-03-14,31.77,4173.11,117.1506
2022-03-15,29.83,4262.45,117.246
2022-03-16,26.67,4357.86,116.8073
2022-03-17,25.67,4411.67,116.0467
2022-03-18,23.87,4463.12,116.1378
2022-03-21,23.53,4461.18,115.9398
2022-03-22,22.94,4511.61,116.0824
2022-03-23,23.57,4456.24,116.005
2022-03-24,21.67,4520.16,115.9599
2022-03-25,20.81,4543.06,115.7921
2022-03-28,19.63,4575.52,116.1911
2022-03-29,18.9,4631.6,115.5679
2022-03-30,19.33,4602.45,115.0818
2022-03-31,20.56,4530.41,115.2218
2022-04-01,19.63,4545.86,115.4814
2022-04-04,18.57,4582.64,115.4112
2022-04-05,21.03,4525.12,115.73
2022-04-06,22.1,4481.15,115.9995
2022-04-07,21.55,4500.21,116.3512
2022-04-08,21.16,4488.28,116.4176
2022-04-11,24.37,4412.53,116.5401
2022-04-12,24.26,4397.45,116.3866
2022-04-13,21.82,4446.59,116.2796
2022-04-14,22.7,4392.59,116.7558
2022-04-15,,,116.7017
2022-04-18,22.17,4391.69,116.8441
2022-04-19,21.37,4462.21,117.1324
2022-04-20,20.32,4459.45,116.7306
2022-04-21,22.68,4393.66,117.1432
2022-04-22,28.21,4271.78,118.0186
2022-04-25,27.02,4296.12,118.6271
2022-04-26,33.52,4175.2,118.9624
2022-04-27,31.6,4183.96,119.4708
2022-04-28,29.99,4287.5,120.0675
2022-04-29,33.4,4131.93,119.4933
2022-05-02,32.34,4155.38,119.8825
2022-05-03,29.25,4175.48,119.7043
2022-05-04,25.42,4300.17,119.5592
2022-05-05,31.2,4146.87,120.0068
2022-05-06,30.19,4123.34,119.8577
2022-05-09,34.75,3991.24,120.4972
2022-05-10,32.99,4001.05,120.7742
2022-05-11,32.56,3935.18,120.3925
2022-05-12,31.77,3930.08,121.2796
2022-05-13,28.87,4023.89,120.8442
2022-05-16,27.47,4008.01,120.6881
2022-05-17,26.1,4088.85,119.8871
2022-05-18,30.96,3923.68,120.0274
2022-05-19,29.35,3900.79,119.4278
2022-05-20,29.43,3901.36,119.3677
2022-05-23,28.48,3973.75,118.7169
2022-05-24,29.45,3941.48,118.6245
2022-05-25,28.37,3978.73,118.9598
2022-05-26,27.5,4057.84,118.7687
2022-05-27,25.72,4158.24,118.2834
2022-05-30,26.54,,
2022-05-31,26.19,4132.15,118.0704
2022-06-01,25.69,4101.23,118.6954
2022-06-02,24.72,4176.82,118.0658
2022-06-03,24.79,4108.54,118.2153
2022-06-06,25.07,4121.43,118.3081
2022-06-07,24.02,4160.68,118.4414
2022-06-08,23.96,4115.77,118.3951
2022-06-09,26.09,4017.82,118.9226
2022-06-10,27.75,3900.86,119.9981
2022-06-13,34.02,3749.63,121.1523
2022-06-14,32.69,3735.48,121.6669
2022-06-15,29.62,3789.99,121.6403
2022-06-16,32.95,3666.77,120.6714
2022-06-17,31.13,3674.84,121.2369
2022-06-20,31.03,,
2022-06-21,30.19,3764.79,120.6427
2022-06-22,28.95,3759.89,120.5197
2022-06-23,29.05,3795.73,120.7622
2022-06-24,27.23,3911.74,120.4853
2022-06-27,26.95,3900.11,120.1736
2022-06-28,28.36,3821.55,120.62
2022-06-29,28.16,3818.83,120.9616
2022-06-30,28.71,3785.38,120.9652
2022-07-01,26.7,3825.33,121.5058
2022-07-04,27.53,,
2022-07-05,27.54,3831.39,122.6203
2022-07-06,26.73,3845.08,123.0073
2022-07-07,26.08,3902.62,122.7257
2022-07-08,24.64,3899.38,122.4662
2022-07-11,26.17,3854.43,123.2974
2022-07-12,27.29,3818.8,123.4524
2022-07-13,26.82,3801.78,123.2834
2022-07-14,26.4,3790.38,124.0622
2022-07-15,24.23,3863.16,123.4765
2022-07-18,25.3,3830.85,122.7727
2022-07-19,24.5,3936.69,122.4819
2022-07-20,23.88,3959.9,122.5997
2022-07-21,23.11,3998.95,122.9032
2022-07-22,23.03,3961.63,122.451
2022-07-25,23.36,3966.84,122.4594
2022-07-26,24.69,3921.05,122.7581
2022-07-27,23.24,4023.61,122.8169
2022-07-28,22.33,4072.43,122.1161
2022-07-29,21.33,4130.29,121.7678
2022-08-01,22.84,4118.63,121.4109
2022-08-02,23.93,4091.19,121.9486
2022-08-03,21.95,4155.17,122.3888
2022-08-04,21.44,4151.94,121.8333
2022-08-05,21.15,4145.19,122.321
2022-08-08,21.29,4140.06,121.8783
2022-08-09,21.77,4122.47,121.8614
2022-08-10,19.74,4210.24,120.7543
2022-08-11,20.2,4207.27,120.7163
2022-08-12,19.53,4280.15,121.018
2022-08-15,19.95,4297.14,121.4315
2022-08-16,19.69,4305.2,121.6807
2022-08-17,19.9,4274.04,122.0711
2022-08-18,19.56,4283.74,122.3627
2022-08-19,20.6,4228.48,123.0501
2022-08-22,23.8,4137.99,123.605
2022-08-23,24.11,4128.73,123.0547
2022-08-24,22.82,4140.77,123.109
2022-08-25,21.78,4199.12,123.0586
2022-08-26,25.56,4057.66,123.0656
2022-08-29,26.21,4030.61,123.4686
2022-08-30,26.21,3986.16,123.6848
2022-08-31,25.87,3955.0,123.535
2022-09-01,25.56,3966.85,124.4006
2022-09-02,25.47,3924.26,123.7743
2022-09-05,25.99,,
2022-09-06,26.91,3908.19,124.767
2022-09-07,24.64,3979.87,124.8408
2022-09-08,23.61,4006.18,124.578
2022-09-09,22.79,4067.36,123.7874
2022-09-12,23.87,4110.41,123.3332
2022-09-13,27.27,3932.69,124.4242
2022-09-14,26.16,3946.01,124.4509
2022-09-15,26.27,3901.35,124.8843
2022-09-16,26.3,3873.33,124.8794
2022-09-19,25.76,3899.89,125.0104
2022-09-20,27.16,3855.93,125.1248
2022-09-21,27.99,3789.93,125.7399
2022-09-22,27.35,3757.99,126.1667
2022-09-23,29.92,3693.23,127.2853
2022-09-26,32.26,3655.04,128.4539
2022-09-27,32.6,3647.29,128.4386
2022-09-28,30.18,3719.04,128.0884
2022-09-29,31.84,3640.47,127.5437
2022-09-30,31.62,3585.62,127.5148
2022-10-03,30.1,3678.43,127.0813
2022-10-04,29.07,3790.93,126.1819
2022-10-05,28.55,3783.28,126.8616
2022-10-06,30.52,3744.52,127.2493
2022-10-07,31.36,3639.66,127.3111
2022-10-10,32.45,3612.39,
2022-10-11,33.63,3588.84,127.6641
2022-10-12,33.57,3577.03,128.1481
2022-10-13,31.94,3669.91,127.7286
2022-10-14,32.02,3583.07,128.3325
2022-10-17,31.37,3677.95,127.6448
2022-10-18,30.5,3719.98,127.9153
2022-10-19,30.76,3695.16,128.3968
2022-10-20,29.98,3665.78,128.0052
2022-10-21,29.69,3752.75,127.6735
2022-10-24,29.85,3797.34,128.0304
2022-10-25,28.46,3859.11,127.3771
2022-10-26,27.28,3830.6,126.4723
2022-10-27,27.39,3807.3,126.7028
2022-10-28,25.75,3901.06,127.2135
2022-10-31,25.88,3871.98,127.6219
2022-11-01,25.81,3856.1,127.3987
2022-11-02,25.86,3759.69,127.3115
2022-11-03,25.3,3719.89,128.1743
2022-11-04,24.55,3770.55,127.1468
2022-11-07,24.35,3806.8,126.3062
2022-11-08,25.54,3828.11,125.633
2022-11-09,26.09,3748.57,125.9861
2022-11-10,23.53,3956.37,124.7044
2022-11-11,22.52,3992.93,
2022-11-14,23.73,3957.25,123.4277
2022-11-15,24.54,3991.73,123.039
2022-11-16,24.11,3958.79,123.2817
2022-11-17,23.93,3946.56,123.977
2022-11-18,23.12,3965.34,123.8524
2022-11-21,22.36,3949.94,124.7009
2022-11-22,21.29,4003.58,124.2365
2022-11-23,20.35,4027.26,123.7574
2022-11-24,20.42,,
2022-11-25,20.5,4026.12,123.3386
2022-11-28,22.21,3963.94,123.6032
2022-11-29,21.89,3957.63,123.6615
2022-11-30,20.58,4080.11,123.5175
2022-12-01,19.84,4076.57,122.0045
2022-12-02,19.06,4071.7,122.0102
2022-12-05,20.75,3998.84,122.6384
2022-12-06,22.17,3941.26,123.0191
2022-12-07,22.68,3933.92,122.7608
2022-12-08,22.29,3963.51,122.4152
2022-12-09,22.83,3934.38,122.4201
2022-12-12,25.0,3990.56,122.7714
2022-12-13,22.55,4019.65,121.8493
2022-12-14,21.14,3995.32,121.8226
2022-12-15,22.83,3895.75,122.5519
2022-12-16,22.62,3852.36,122.6505
2022-12-19,22.42,3817.66,122.5275
2022-12-20,21.48,3821.62,122.1357
2022-12-21,20.07,3878.44,122.2828
2022-12-22,21.97,3822.39,122.2419
2022-12-23,20.87,3844.82,121.9743
2022-12-26,,,
2022-12-27,21.65,3829.25,121.7539
2022-12-28,22.14,3783.22,122.0075
2022-12-29,21.44,3849.28,121.6577
2022-12-30,21.67,3839.5,121.4256
2023-01-02,,,
2023-01-03,22.9,3824.14,122.0905
2023-01-04,22.01,3852.97,121.5008
2023-01-05,22.46,3808.1,122.1017
2023-01-06,21.13,3895.08,121.0852
2023-01-09,21.97,3892.09,120.1508
2023-01-10,20.58,3919.25,120.2483
2023-01-11,21.09,3969.61,120.1614
2023-01-12,18.83,3983.17,119.4218
2023-01-13,18.35,3999.09,119.1673
2023-01-16,19.49,,
2023-01-17,19.36,3990.97,119.2121
2023-01-18,20.34,3928.86,119.0755
2023-01-19,20.52,3898.85,119.6107
2023-01-20,19.85,3972.61,119.3486
2023-01-23,19.81,4019.81,119.1434
2023-01-24,19.2,4016.95,119.0958
2023-01-25,19.08,4016.22,118.9686
2023-01-26,18.73,4060.43,119.021
2023-01-27,18.51,4070.56,118.9223
2023-01-30,19.94,4017.77,118.8953
2023-01-31,19.4,4076.6,118.9802
2023-02-01,17.87,4119.21,118.6259
2023-02-02,18.73,4179.76,118.3421
2023-02-03,18.33,4136.48,119.5095
2023-02-06,19.43,4111.08,120.541
2023-02-07,18.66,4164.0,120.3475
2023-02-08,19.63,4117.86,120.1436
2023-02-09,20.71,4081.5,119.9781
2023-02-10,20.53,4090.46,120.1419
2023-02-13,20.34,4137.29,119.9828
2023-02-14,18.91,4136.13,119.9229
2023-02-15,18.23,4147.6,120.4557
2023-02-16,20.17,4090.41,120.4651
2023-02-17,20.02,4079.09,120.5526
2023-02-20,21.23,,
2023-02-21,22.87,3997.34,120.6256
2023-02-22,22.29,3991.05,120.8389
2023-02-23,21.14,4012.32,121.0896
2023-02-24,21.67,3970.04,121.5681
2023-02-27,20.95,3982.24,121.3941
2023-02-28,20.7,3970.15,121.3341
2023-03-01,20.58,3951.39,120.6347
2023-03-02,19.59,3981.35,121.1302
2023-03-03,18.49,4045.64,120.7742
2023-03-06,18.61,4048.42,120.485
2023-03-07,19.59,3986.37,121.4623
2023-03-08,19.11,3992.01,121.4511
2023-03-09,22.61,3918.32,121.4458
2023-03-10,24.8,3861.59,121.2421
2023-03-13,26.52,3855.76,120.8897
2023-03-14,23.73,3919.29,121.0141
2023-03-15,26.14,3891.93,122.1079
2023-03-16,22.99,3960.28,121.7221
2023-03-17,25.51,3916.64,121.5643
2023-03-20,24.15,3951.57,121.0141
2023-03-21,21.38,4002.87,120.8958
2023-03-22,22.26,3936.97,120.6217
2023-03-23,22.61,3948.72,119.7587
2023-03-24,21.74,3970.99,120.4598
2023-03-27,20.6,3977.53,120.2541
2023-03-28,19.97,3971.27,119.7138
2023-03-29,19.12,4027.81,119.7258
2023-03-30,19.02,4050.83,119.4078
2023-03-31,18.7,4109.31,119.3602
2023-04-03,18.55,4124.51,119.3204
2023-04-04,19.0,4100.6,119.142
2023-04-05,19.08,4090.38,119.2953
2023-04-06,18.4,4105.02,119.3072
2023-04-07,,,119.3547
2023-04-10,18.97,4109.11,119.7948
2023-04-11,19.1,4108.94,119.5248
2023-04-12,19.09,4091.95,119.003
2023-04-13,17.8,4146.22,118.3915
2023-04-14,17.07,4137.64,118.8567
2023-04-17,16.95,4151.32,119.2787
2023-04-18,16.83,4154.87,119.1049
2023-04-19,16.46,4154.52,119.303
2023-04-20,17.17,4129.79,119.1199
2023-04-21,16.77,4133.52,119.3117
2023-04-24,16.89,4137.04,119.2039
2023-04-25,18.76,4071.63,119.613
2023-04-26,18.84,4055.99,119.3228
2023-04-27,17.03,4135.35,119.4298
2023-04-28,15.78,4169.48,119.2248
2023-05-01,16.08,4167.87,119.4435
2023-05-02,17.78,4119.58,119.6105
2023-05-03,18.34,4090.75,119.1233
2023-05-04,20.09,4061.22,119.0465
2023-05-05,17.19,4136.25,118.5548
2023-05-08,16.98,4138.12,118.5759
2023-05-09,17.71,4119.17,118.8239
2023-05-10,16.94,4137.64,118.5864
2023-05-11,16.93,4130.62,119.0303
2023-05-12,17.03,4124.08,119.3671
2023-05-15,17.12,4136.28,119.1608
2023-05-16,17.99,4109.9,119.1743
2023-05-17,16.87,4158.77,119.607
2023-05-18,16.05,4198.05,120.0886
2023-05-19,16.81,4191.98,119.7751
2023-05-22,17.21,4192.63,120.0875
2023-05-23,18.53,4145.58,120.3204
2023-05-24,20.03,4115.24,120.4752
2023-05-25,19.14,4151.28,120.8413
2023-05-26,17.95,4205.45,120.6304
2023-05-29,17.46,,
2023-05-30,17.46,4205.52,120.5546
2023-05-31,17.94,4179.83,120.9662
2023-06-01,15.65,4221.02,120.0491
2023-06-02,14.6,4282.37,120.0049
2023-06-05,14.73,4273.79,120.0048
2023-06-06,13.96,4283.85,119.9718
2023-06-07,13.94,4267.52,119.859
2023-06-08,13.65,4293.93,119.5712
2023-06-09,13.83,4298.86,119.4322
2023-06-12,15.01,4338.93,119.6376
2023-06-13,14.61,4369.01,119.1899
2023-06-14,13.88,4372.59,118.776
2023-06-15,14.5,4425.84,118.5521
2023-06-16,13.54,4409.59,118.4184
2023-06-19,14.19,,
2023-06-20,13.88,4388.71,118.938
2023-06-21,13.2,4365.69,118.727
2023-06-22,12.91,4381.89,118.7552
2023-06-23,13.44,4348.33,119.152
2023-06-26,14.25,4328.82,119.0761
2023-06-27,13.74,4378.41,118.8949
2023-06-28,13.43,4376.86,119.3382
2023-06-29,13.54,4396.44,119.527
2023-06-30,13.59,4450.38,119.3606
2023-07-03,13.57,4455.59,119.2119
2023-07-04,13.7,,
2023-07-05,14.18,4446.82,119.3483
2023-07-06,15.44,4411.59,119.8193
2023-07-07,14.83,4398.95,119.0761
2023-07-10,15.07,4409.53,118.9548
2023-07-11,14.84,4439.26,118.7344
2023-07-12,13.54,4472.16,117.6385
2023-07-13,13.61,4510.04,117.1831
2023-07-14,13.34,4505.42,117.0463
2023-07-17,13.48,4522.79,117.1267
2023-07-18,13.3,4554.98,117.0264
2023-07-19,13.76,4565.72,117.3462
2023-07-20,13.99,4534.87,117.5947
2023-07-21,13.6,4536.34,117.9418
2023-07-24,13.91,4554.64,117.8124
2023-07-25,13.86,4567.46,117.8565
2023-07-26,13.19,4566.75,117.76
2023-07-27,14.41,4537.41,117.8938
2023-07-28,13.33,4582.23,117.788
2023-07-31,13.63,4588.96,117.8241
2023-08-01,13.93,4576.73,118.5738
2023-08-02,16.09,4513.39,119.1268
2023-08-03,15.92,4501.89,119.3963
2023-08-04,17.1,4478.03,118.821
2023-08-07,15.77,4518.44,119.0809
2023-08-08,15.99,4499.38,119.6407
2023-08-09,15.96,4467.71,119.476
2023-08-10,15.85,4468.83,119.1581
2023-08-11,14.84,4464.05,119.6268
2023-08-14,14.82,4489.72,120.0725
2023-08-15,16.46,4437.86,120.2127
2023-08-16,16.78,4404.33,120.3551
2023-08-17,17.89,4370.36,120.5242
2023-08-18,17.3,4369.71,120.4321
2023-08-21,17.13,4399.77,120.4627
2023-08-22,16.97,4387.55,120.3554
2023-08-23,15.98,4436.01,120.0307
2023-08-24,17.2,4376.31,120.2354
2023-08-25,15.68,4405.71,120.5137
2023-08-28,15.08,4433.31,120.3155
2023-08-29,14.45,4497.63,120.2669
2023-08-30,13.88,4514.87,119.7937
2023-08-31,13.57,4507.66,120.225
2023-09-01,13.09,4515.77,120.759
2023-09-04,13.82,,
2023-09-05,14.01,4496.83,121.4345
2023-09-06,14.45,4465.48,121.8671
2023-09-07,14.4,4451.14,121.9528
2023-09-08,13.84,4457.49,121.9475
2023-09-11,13.8,4487.46,121.3386
2023-09-12,14.23,4461.9,121.2913
2023-09-13,13.48,4467.44,121.0549
2023-09-14,12.82,4505.1,121.2395
2023-09-15,13.79,4450.32,121.199
2023-09-18,14.0,4453.53,121.1938
2023-09-19,14.11,4443.95,121.1645
2023-09-20,15.14,4402.2,120.9648
2023-09-21,17.54,4330.0,121.5528
2023-09-22,17.2,4320.06,121.5306
2023-09-25,16.9,4337.44,122.1143
2023-09-26,18.94,4273.53,122.4742
2023-09-27,18.22,4274.51,122.9895
2023-09-28,17.34,4299.7,122.5342
2023-09-29,17.52,4288.05,122.3077
2023-10-02,17.61,4288.39,123.0545
2023-10-03,19.78,4229.45,123.7848
2023-10-04,18.58,4263.75,123.5946
2023-10-05,18.49,4258.19,123.8993
2023-10-06,17.45,4308.5,123.3563
2023-10-09,17.7,4335.66,
2023-10-10,17.03,4358.24,122.9282
2023-10-11,16.09,4376.95,122.7697
2023-10-12,16.69,4349.61,123.2101
2023-10-13,19.32,4327.78,123.5954
2023-10-16,17.21,4373.63,123.3185
2023-10-17,17.88,4373.2,123.1202
2023-10-18,19.22,4314.6,123.8148
2023-10-19,21.4,4278.0,123.798
2023-10-20,21.71,4224.16,123.612
2023-10-23,20.37,4217.04,123.2846
2023-10-24,18.97,4247.68,123.6416
2023-10-25,20.19,4186.77,123.7871
2023-10-26,20.68,4137.23,124.0064
2023-10-27,21.27,4117.37,123.62
2023-10-30,19.75,4166.82,123.4076
2023-10-31,18.14,4193.8,123.8364
2023-11-01,16.87,4237.86,123.7922
2023-11-02,15.66,4317.78,122.8818
2023-11-03,14.91,4358.34,121.7564
2023-11-06,14.89,4365.98,121.6484
2023-11-07,14.81,4378.38,122.0777
2023-11-08,14.45,4382.78,122.0926
2023-11-09,15.29,4347.35,122.1281
2023-11-10,14.17,4415.24,
2023-11-13,14.76,4411.55,122.4264
2023-11-14,14.16,4495.7,121.35
2023-11-15,14.18,4502.88,121.0749
2023-11-16,14.32,4508.24,121.1754
2023-11-17,13.8,4514.02,120.8477
2023-11-20,13.41,4547.38,120.2533
2023-11-21,13.35,4538.19,120.2241
2023-11-22,12.85,4556.62,120.6802
2023-11-23,12.8,,
2023-11-24,12.46,4559.34,120.2105
2023-11-27,12.69,4550.43,120.173
2023-11-28,12.69,4554.89,119.5904
2023-11-29,12.98,4550.58,119.8159
2023-11-30,12.92,4567.8,120.2434
2023-12-01,12.63,4594.63,119.9424
2023-12-04,13.08,4569.78,120.4727
2023-12-05,12.85,4567.18,120.7913
2023-12-06,12.97,4549.34,120.5334
2023-12-07,13.06,4585.59,120.6013
2023-12-08,12.35,4604.37,120.7607
2023-12-11,12.63,4622.44,120.9279
2023-12-12,12.07,4643.7,120.6817
2023-12-13,12.19,4707.09,121.1571
2023-12-14,12.48,4719.55,119.5683
2023-12-15,12.28,4719.19,119.7382
2023-12-18,12.56,4740.56,119.9102
2023-12-19,12.53,4768.37,119.4632
2023-12-20,13.67,4698.35,119.5435
2023-12-21,13.65,4746.75,119.3168
2023-12-22,13.03,4754.63,119.0625
2023-12-25,,,
2023-12-26,12.99,4774.75,118.8875
2023-12-27,12.43,4781.58,118.4729
2023-12-28,12.47,4783.35,118.4104
2023-12-29,12.45,4769.83,118.4208
2024-01-01,,,
2024-01-02,13.2,4742.83,119.2686
2024-01-03,14.04,4704.81,119.6958
2024-01-04,14.13,4688.68,119.6208
2024-01-05,13.35,4697.24,119.388
2024-01-08,13.08,4763.54,119.2506
2024-01-09,12.76,4756.5,119.6666
2024-01-10,12.69,4783.45,119.7614
2024-01-11,12.44,4780.24,119.8916
2024-01-12,12.7,4783.83,119.534
2024-01-15,13.25,,
2024-01-16,13.84,4765.98,120.5759
2024-01-17,14.79,4739.21,121.0402
2024-01-18,14.13,4780.94,120.8895
2024-01-19,13.3,4839.81,120.6442
2024-01-22,13.19,4850.43,120.6178
2024-01-23,12.55,4864.6,121.1001
2024-01-24,13.14,4868.55,120.4916
2024-01-25,13.45,4894.16,120.8311
2024-01-26,13.26,4890.97,120.6173
2024-01-29,13.6,4927.93,120.8538
2024-01-30,13.31,4924.97,120.6025
2024-01-31,14.35,4845.65,120.4331
2024-02-01,13.88,4906.19,120.3335
2024-02-02,13.85,4958.61,120.902
2024-02-05,13.67,4942.81,121.349
2024-02-06,13.06,4954.23,120.9588
2024-02-07,12.83,4995.06,120.9049
2024-02-08,12.79,4997.91,121.0798
2024-02-09,12.93,5026.61,121.039
2024-02-12,13.93,5021.84,120.9378
2024-02-13,15.85,4953.17,121.5202
2024-02-14,14.38,5000.62,121.4002
2024-02-15,14.01,5029.73,121.2121
2024-02-16,14.24,5005.57,121.1505
2024-02-19,14.71,,
2024-02-20,15.42,4975.51,121.0199
2024-02-21,15.34,4981.8,121.0379
2024-02-22,14.54,5087.03,121.102
2024-02-23,13.75,5088.8,121.0369
2024-02-26,13.74,5069.53,121.0592
2024-02-27,13.43,5078.18,120.9647
2024-02-28,13.84,5069.76,121.128
2024-02-29,13.4,5096.27,121.1824
2024-03-01,13.11,5137.08,121.0111
2024-03-04,13.49,5130.95,120.872
2024-03-05,14.46,5078.65,120.8846
2024-03-06,14.5,5104.76,120.4649
2024-03-07,14.44,5157.36,120.1909
2024-03-08,14.74,5123.69,119.975
2024-03-11,15.22,5117.94,120.0394
2024-03-12,13.84,5175.27,120.1668
2024-03-13,13.75,5165.31,119.9642
2024-03-14,14.4,5150.48,120.241
2024-03-15,14.41,5117.09,120.4003
2024-03-18,14.33,5149.42,120.5752
2024-03-19,13.82,5178.51,120.9332
2024-03-20,13.04,5224.62,120.9289
2024-03-21,12.92,5241.53,120.8086
2024-03-22,13.06,5234.18,121.1842
2024-03-25,13.19,5218.19,121.0295
2024-03-26,13.24,5203.58,121.0742
2024-03-27,12.78,5248.49,121.0089
2024-03-28,13.01,5254.35,121.0635
2024-03-29,,,121.0191
2024-04-01,13.65,5243.77,121.5151
2024-04-02,14.61,5205.81,121.3035
2024-04-03,14.33,5211.49,121.0198
2024-04-04,16.35,5147.21,120.7613
2024-04-05,16.03,5204.34,120.9646
2024-04-08,15.19,5202.39,120.7359
2024-04-09,14.98,5209.91,120.7048
2024-04-10,15.8,5160.64,121.5727
2024-04-11,14.91,5199.06,121.6081
2024-04-12,17.31,5123.41,122.2885
2024-04-15,19.23,5061.82,122.425
2024-04-16,18.4,5051.41,123.1234
2024-04-17,18.21,5022.21,123.0207
2024-04-18,18.0,5011.12,123.0017
2024-04-19,18.71,4967.23,123.1075
2024-04-22,16.94,5010.6,123.0609
2024-04-23,15.69,5070.55,122.7227
2024-04-24,15.97,5071.63,122.89
2024-04-25,15.37,5048.42,122.8384
2024-04-26,15.03,5099.96,122.9471
2024-04-29,14.67,5116.17,122.5449
2024-04-30,15.65,5035.69,122.9853
2024-05-01,15.39,5018.39,123.0168
2024-05-02,14.68,5064.2,122.4384
2024-05-03,13.49,5127.79,122.1375
2024-05-06,13.49,5180.74,121.8913
2024-05-07,13.23,5187.7,122.093
2024-05-08,13.0,5187.67,122.1926
2024-05-09,12.69,5214.08,122.1634
2024-05-10,12.55,5222.68,122.014
2024-05-13,13.6,5221.42,122.0261
2024-05-14,13.42,5246.68,121.9256
2024-05-15,12.45,5308.15,121.3543
2024-05-16,12.42,5297.1,121.2236
2024-05-17,11.99,5303.27,121.2354
2024-05-20,12.15,5308.13,121.2289
2024-05-21,11.86,5321.41,121.3793
2024-05-22,12.29,5307.01,121.5462
2024-05-23,12.77,5267.84,121.7477
2024-05-24,11.93,5304.72,121.6172
2024-05-27,12.36,,
2024-05-28,12.92,5306.04,121.43
2024-05-29,14.28,5266.95,122.1641
2024-05-30,14.47,5235.48,121.9601
2024-05-31,12.92,5277.51,122.098
2024-06-03,13.11,5283.4,122.3509
2024-06-04,13.16,5291.34,122.7256
2024-06-05,12.63,5354.03,122.5339
2024-06-06,12.58,5352.96,122.3713
2024-06-07,12.22,5346.99,123.549
2024-06-10,12.74,5360.79,123.9125
2024-06-11,12.85,5375.32,124.0349
2024-06-12,12.04,5421.03,123.8295
2024-06-13,11.94,5433.74,124.0235
2024-06-14,12.66,5431.6,124.1694
2024-06-17,12.75,5473.23,124.239
2024-06-18,12.3,5487.03,123.9776
2024-06-19,12.48,,
2024-06-20,13.28,5473.17,124.192
2024-06-21,13.2,5464.62,124.1086
2024-06-24,13.33,5447.87,123.7125
2024-06-25,12.84,5469.3,123.9417
2024-06-26,12.55,5477.9,124.26
2024-06-27,12.24,5482.87,124.3379
2024-06-28,12.44,5460.48,124.2103
2024-07-01,12.22,5475.09,124.4667
2024-07-02,12.03,5509.01,124.2917
2024-07-03,12.09,5537.02,123.7768
2024-07-04,12.26,,
2024-07-05,12.48,5567.19,123.4762
2024-07-08,12.37,5572.85,123.3576
2024-07-09,12.51,5576.98,123.4071
2024-07-10,12.85,5633.91,123.1895
2024-07-11,12.92,5584.54,122.769
2024-07-12,12.46,5615.35,122.4404
2024-07-15,13.12,5631.22,122.6347
2024-07-16,13.19,5667.2,122.7264
2024-07-17,14.48,5588.27,122.518
2024-07-18,15.93,5544.59,122.7909
2024-07-19,16.52,5505.0,123.147
2024-07-22,14.91,5564.41,123.2172
2024-07-23,14.72,5555.74,123.3843
2024-07-24,18.04,5427.13,123.5575
2024-07-25,18.46,5399.22,123.5286
2024-07-26,16.39,5459.1,123.672
2024-07-29,16.6,5463.54,124.1392
2024-07-30,17.69,5436.44,124.2855
2024-07-31,16.36,5522.3,123.6373
2024-08-01,18.59,5446.68,123.8693
2024-08-02,23.39,5346.56,123.4681
2024-08-05,38.57,5186.33,123.5787
2024-08-06,27.71,5240.03,123.6532
2024-08-07,27.85,5199.5,123.5698
2024-08-08,23.79,5319.31,123.4466
2024-08-09,20.37,5344.16,122.9276
2024-08-12,20.71,5344.39,123.2204
2024-08-13,18.12,5434.43,123.0146
2024-08-14,16.19,5455.21,122.4297
2024-08-15,15.23,5543.22,122.5844
2024-08-16,14.8,5554.25,122.3972
2024-08-19,14.65,5608.25,121.8788
2024-08-20,15.88,5597.12,121.7728
2024-08-21,16.27,5620.85,121.8535
2024-08-22,17.55,5570.64,122.3626
2024-08-23,15.86,5634.61,121.4597
2024-08-26,16.15,5616.84,121.6943
2024-08-27,15.43,5625.8,121.8672
2024-08-28,17.11,5592.18,121.8943
2024-08-29,15.65,5591.96,122.2333
2024-08-30,15.0,5648.4,122.3262
2024-09-02,15.55,,
2024-09-03,20.72,5528.93,122.7811
2024-09-04,21.32,5520.07,122.5144
2024-09-05,19.9,5503.41,122.4533
2024-09-06,22.38,5408.42,122.4991
2024-09-09,19.45,5471.05,122.7156
2024-09-10,19.08,5495.52,123.0071
2024-09-11,17.69,5554.13,122.7754
2024-09-12,17.07,5595.76,122.4423
2024-09-13,16.56,5626.02,121.6551
2024-09-16,17.14,5633.09,121.4976
2024-09-17,17.61,5634.58,121.6031
2024-09-18,18.23,5618.26,121.5618
2024-09-19,16.33,5713.64,121.3059
2024-09-20,16.15,5702.55,121.4052
2024-09-23,15.89,5718.57,121.4303
2024-09-24,15.39,5732.93,121.1291
2024-09-25,15.41,5722.26,121.4447
2024-09-26,15.37,5745.37,121.0785
2024-09-27,16.96,5738.17,121.1111
2024-09-30,16.73,5762.48,121.2864
2024-10-01,19.26,5708.75,121.6881
2024-10-02,18.9,5709.54,121.5724
2024-10-03,20.49,5699.94,122.1197
2024-10-04,19.21,5751.07,122.2197
2024-10-07,22.64,5695.94,122.4241
2024-10-08,21.42,5751.13,122.6625
2024-10-09,20.86,5792.04,122.8821
2024-10-10,20.93,5780.05,123.0951
2024-10-11,20.46,5815.03,122.9805
2024-10-14,19.7,5859.85,
2024-10-15,20.64,5815.26,123.5124
2024-10-16,19.58,5842.47,123.9235
2024-10-17,19.11,5841.47,124.1122
2024-10-18,18.03,5864.67,123.9185
2024-10-21,18.37,5853.98,124.4757
2024-10-22,18.2,5851.2,124.4107
2024-10-23,19.24,5797.42,124.6931
2024-10-24,19.08,5809.86,124.5127
2024-10-25,20.33,5808.12,124.6105
2024-10-28,19.8,5823.52,124.8076
2024-10-29,19.34,5832.92,124.8612
2024-10-30,20.35,5813.67,124.8153
2024-10-31,23.16,5705.45,124.7988
2024-11-01,21.88,5728.8,124.8076
2024-11-04,21.98,5712.69,124.5903
2024-11-05,20.49,5782.76,124.5532
2024-11-06,16.27,5929.04,125.7035
2024-11-07,15.2,5973.1,124.775
2024-11-08,14.94,5995.54,125.5811
2024-11-11,14.97,6001.35,
2024-11-12,14.71,5983.99,126.7762
2024-11-13,14.02,5985.38,126.9572
2024-11-14,14.31,5949.17,127.0015
2024-11-15,16.14,5870.62,126.8848
2024-11-18,15.58,5893.62,126.6045
2024-11-19,16.35,5916.98,126.3994
2024-11-20,17.16,5917.11,126.88
2024-11-21,16.87,5948.71,127.1047
2024-11-22,15.24,5969.34,127.4712
2024-11-25,14.6,5987.37,126.9948
2024-11-26,14.1,6021.63,127.4301
2024-11-27,14.1,5998.74,126.8205
2024-11-28,13.9,,
2024-11-29,13.51,6032.38,126.5798
2024-12-02,13.34,6047.15,127.1272
2024-12-03,13.3,6049.88,126.9565
2024-12-04,13.45,6086.49,126.7574
2024-12-05,13.54,6075.11,126.4286
2024-12-06,12.77,6090.27,126.688
2024-12-09,14.19,6052.85,126.5981
2024-12-10,14.18,6034.91,126.957
2024-12-11,13.58,6084.19,126.8483
2024-12-12,13.92,6051.25,126.9556
2024-12-13,13.81,6051.09,127.3096
2024-12-16,14.69,6074.08,127.2687
2024-12-17,15.87,6050.61,127.5043
2024-12-18,27.62,5872.16,127.6418
2024-12-19,24.09,5867.08,128.6366
2024-12-20,18.36,5930.85,127.893
2024-12-23,16.78,5974.07,128.3021
2024-12-24,14.27,6040.04,128.3377
2024-12-25,,,
2024-12-26,14.73,6037.59,128.3329
2024-12-27,15.95,5970.84,128.45
2024-12-30,17.4,5906.94,128.8205
2024-12-31,17.35,5881.63,129.2775
2025-01-01,,,
2025-01-02,17.93,5868.55,129.4598
2025-01-03,16.13,5942.47,129.4535
2025-01-06,16.04,5975.38,128.538
2025-01-07,17.82,5909.03,128.613
2025-01-08,17.7,5918.25,129.0785
2025-01-09,18.07,,129.2827
2025-01-10,19.54,5827.04,129.8664
2025-01-13,19.19,5836.22,130.0413
2025-01-14,18.71,5842.91,129.3812
2025-01-15,16.12,5949.91,129.2092
2025-01-16,16.6,5937.34,129.436
2025-01-17,15.97,5996.66,129.4859
2025-01-20,15.81,,
2025-01-21,15.06,6049.24,128.4151
2025-01-22,15.1,6086.37,128.3402
2025-01-23,15.02,6118.71,128.2162
2025-01-24,14.85,6101.24,127.4611
2025-01-27,17.9,6012.28,128.0912
2025-01-28,16.41,6067.7,128.2817
2025-01-29,16.56,6039.31,128.3418
2025-01-30,15.84,6071.17,128.1004
2025-01-31,16.43,6040.53,128.4828
2025-02-03,18.62,5994.57,129.109
2025-02-04,17.21,6037.88,128.1083
2025-02-05,15.77,6061.48,127.9751
2025-02-06,15.5,6083.57,128.2017
2025-02-07,16.54,6025.99,128.4292
2025-02-10,15.81,6066.44,128.6382
2025-02-11,16.02,6068.5,128.4322
2025-02-12,15.89,6051.97,128.3288
2025-02-13,15.1,6115.07,127.8931
2025-02-14,14.77,6114.63,127.1491
2025-02-17,15.37,,
2025-02-18,15.35,6129.58,127.2906
2025-02-19,15.27,6144.15,127.7317
2025-02-20,15.66,6117.52,127.1126
2025-02-21,18.21,6013.13,127.1408
2025-02-24,18.98,5983.25,127.1921
2025-02-25,19.43,5955.25,127.3752
2025-02-26,19.1,5956.06,127.2822
2025-02-27,21.13,5861.57,127.9704
2025-02-28,19.63,5954.5,128.2805
2025-03-03,22.78,5849.72,127.75
2025-03-04,23.51,5778.15,127.9966
2025-03-05,21.93,5842.63,126.504
2025-03-06,24.87,5738.52,126.1099
2025-03-07,23.37,5770.2,125.9814
2025-03-10,27.86,5614.56,126.268
2025-03-11,26.92,5572.07,126.0457
2025-03-12,24.23,5599.3,125.8664
2025-03-13,24.66,5521.52,126.0031
2025-03-14,21.77,5638.94,125.6942
2025-03-17,20.51,5675.12,125.3688
2025-03-18,21.7,5614.66,125.488
2025-03-19,19.9,5675.29,125.8006
2025-03-20,19.8,5662.89,125.985
2025-03-21,19.28,5667.56,126.2679
2025-03-24,17.48,5767.57,126.1956
2025-03-25,17.15,5776.65,126.0535
2025-03-26,18.33,5712.2,126.2364
2025-03-27,18.69,5693.31,126.3626
2025-03-28,21.65,5580.94,126.4187
2025-03-31,22.28,5611.85,126.7075
2025-04-01,21.77,5633.07,126.4338
2025-04-02,21.51,5670.97,126.3811
2025-04-03,30.02,5396.52,124.7316
2025-04-04,45.31,5074.08,125.8129
2025-04-07,46.98,5062.25,126.8282
2025-04-08,52.33,4982.77,126.8668
2025-04-09,33.62,5456.9,126.628
2025-04-10,40.72,5268.05,125.089
2025-04-11,37.56,5363.36,124.0163
2025-04-14,30.89,5405.97,123.6598
2025-04-15,30.12,5396.63,123.776
2025-04-16,32.64,5275.7,123.2724
2025-04-17,29.65,5282.7,123.1298
2025-04-18,,,122.9865
2025-04-21,33.82,5158.2,122.3145
2025-04-22,30.57,5287.76,122.4175
2025-04-23,28.45,5375.86,123.0252
2025-04-24,26.47,5484.77,122.9251
2025-04-25,24.84,5525.21,122.8858
2025-04-28,25.15,5528.75,122.7176
2025-04-29,24.17,5560.83,122.5944
2025-04-30,24.7,5569.06,122.5921
2025-05-01,24.6,5604.14,123.1405
2025-05-02,22.68,5686.67,122.4962
2025-05-05,23.64,5650.38,122.2613
2025-05-06,24.76,5606.91,122.0417
2025-05-07,23.55,5631.28,122.117
2025-05-08,22.48,5663.94,122.7568
2025-05-09,21.9,5659.91,122.5191
2025-05-12,18.39,5844.19,123.4863
2025-05-13,18.22,5886.55,122.9583
2025-05-14,18.62,5892.58,122.6746
2025-05-15,17.83,5916.93,122.8174
2025-05-16,17.24,5958.38,123.0737
2025-05-19,18.14,5963.6,122.4186
2025-05-20,18.09,5940.46,122.3199
2025-05-21,20.87,5844.61,121.7496
2025-05-22,20.28,5842.01,122.0429
2025-05-23,22.29,5802.82,121.3837
2025-05-26,20.57,,
2025-05-27,18.96,5921.54,121.6099
2025-05-28,19.31,5888.55,121.9888
2025-05-29,19.18,5912.17,121.5617
2025-05-30,18.57,5911.69,121.7674
2025-06-02,18.36,5935.94,121.1881
2025-06-03,17.69,5970.37,121.4592
2025-06-04,17.61,5970.81,121.0539
2025-06-05,18.48,5939.3,120.9596
2025-06-06,16.77,6000.36,121.161
2025-06-09,17.16,6005.88,120.9103
2025-06-10,16.95,6038.81,121.0485
2025-06-11,17.26,6022.24,120.587
2025-06-12,18.02,6045.26,120.1723
2025-06-13,20.82,5976.97,120.3245
2025-06-16,19.11,6033.11,120.1565
2025-06-17,21.6,5982.72,120.5048
2025-06-18,20.14,5980.87,120.7305
2025-06-19,22.17,,
2025-06-20,20.62,5967.84,121.0408
2025-06-23,19.83,6025.17,121.1694
2025-06-24,17.48,6092.18,120.3645
2025-06-25,16.76,6092.16,120.3336
2025-06-26,16.59,6141.02,119.6451
2025-06-27,16.32,6173.07,119.659
2025-06-30,16.73,6204.95,119.4088
2025-07-01,16.83,6198.01,119.3436
2025-07-02,16.64,6227.42,119.3037
2025-07-03,16.38,6279.35,119.2382
2025-07-04,17.48,,
2025-07-07,17.79,6229.98,119.6201
2025-07-08,16.81,6225.52,119.8371
2025-07-09,15.94,6263.26,119.7311
2025-07-10,15.78,6280.46,119.8343
2025-07-11,16.4,6259.75,119.9214
2025-07-14,17.2,6268.56,120.2209
2025-07-15,17.38,6243.76,120.5105
2025-07-16,17.16,6263.7,120.4175
2025-07-17,16.52,6297.36,120.6384
2025-07-18,16.41,6296.79,120.356
2025-07-21,16.65,6305.6,119.9961
2025-07-22,16.5,6309.62,119.681
2025-07-23,15.37,6358.91,119.5697
2025-07-24,15.39,6363.35,119.5664
2025-07-25,14.93,6388.64,119.9857
2025-07-28,15.03,6389.77,120.6149
2025-07-29,15.98,6370.86,120.9674
2025-07-30,15.48,6362.9,121.4042
2025-07-31,16.72,6339.39,121.721
2025-08-01,20.38,6238.01,121.2122
2025-08-04,17.52,6329.94,120.9859
2025-08-05,17.85,6299.19,120.9082
2025-08-06,16.77,6345.06,120.5082
2025-08-07,16.57,6340.0,120.5043
2025-08-08,15.15,6389.45,120.3329
2025-08-11,16.25,6373.45,120.6892
2025-08-12,14.73,6445.76,120.2736
2025-08-13,14.49,6466.58,120.13
2025-08-14,14.83,6468.54,120.6446
2025-08-15,15.09,6449.8,120.3377
2025-08-18,14.99,6449.15,120.5622
2025-08-19,15.57,6411.37,120.7224
2025-08-20,15.69,6395.78,120.7757
2025-08-21,16.6,6370.17,121.0843
2025-08-22,14.22,6466.91,120.2774
2025-08-25,14.79,6439.32,120.4214
2025-08-26,14.62,6465.94,120.5274
2025-08-27,14.85,6481.4,120.7274
2025-08-28,14.43,6501.86,120.2595
2025-08-29,15.36,6460.26,120.2082
2025-09-01,16.12,,
2025-09-02,17.17,6415.54,120.6837
2025-09-03,16.35,6448.26,120.5052
2025-09-04,15.3,6502.08,120.7629
2025-09-05,15.18,6481.5,120.1282
2025-09-08,15.11,6495.15,120.0971
2025-09-09,15.04,6512.61,120.1569
2025-09-10,15.35,6532.04,120.1223
2025-09-11,14.71,6587.47,119.9534
2025-09-12,14.76,6584.29,120.0611
2025-09-15,15.69,6615.28,119.5644
2025-09-16,16.36,6606.76,119.1348
2025-09-17,15.72,6600.35,119.1582
2025-09-18,15.7,6631.96,119.6616
2025-09-19,15.45,6664.36,119.7858
2025-09-22,16.1,6693.75,119.8152
2025-09-23,16.64,6656.92,119.6202
2025-09-24,16.18,6637.97,120.1707
2025-09-25,16.74,6604.72,120.5419
2025-09-26,15.29,6643.7,120.4349
2025-09-29,16.12,6661.21,120.115
2025-09-30,16.28,6688.46,120.1368
2025-10-01,16.29,6711.2,120.1502
2025-10-02,16.63,6715.35,120.4296
2025-10-03,16.65,6715.79,120.0881
2025-10-06,16.37,6740.28,120.2722
2025-10-07,17.24,6714.59,120.4884
2025-10-08,16.3,6753.72,120.7766
2025-10-09,16.43,6735.11,121.0902
2025-10-10,21.66,6552.51,121.1163
2025-10-13,19.03,6654.72,
2025-10-14,20.81,6644.31,121.1822
2025-10-15,20.64,6671.06,120.8642
2025-10-16,25.31,6629.07,120.6698
2025-10-17,20.78,6664.01,120.7028
2025-10-20,18.23,6735.13,120.6209
2025-10-21,17.87,6735.35,120.8895
2025-10-22,18.6,6699.4,120.8958
2025-10-23,17.3,6738.44,120.9531
2025-10-24,16.37,6791.69,120.9345
2025-10-27,15.79,6875.16,120.7988
2025-10-28,16.42,6890.89,120.6361
2025-10-29,16.92,6890.59,120.5312
2025-10-30,16.91,6822.34,121.2832
2025-10-31,17.44,6840.2,121.3859
2025-11-03,17.17,6851.97,121.4512
2025-11-04,19.0,6771.55,121.8271
2025-11-05,18.01,6796.29,121.8482
2025-11-06,19.5,6720.32,121.6948
2025-11-07,19.08,6728.8,121.388
2025-11-10,17.6,6832.43,121.2984
2025-11-11,17.28,6846.61,
2025-11-12,17.51,6850.92,121.0458
2025-11-13,20.0,6737.49,120.7725
2025-11-14,19.83,6734.11,120.9666
2025-11-17,22.38,6672.41,121.1146
2025-11-18,24.69,6617.32,121.2127
2025-11-19,23.66,6642.16,121.4978
2025-11-20,26.42,6538.76,121.6889
2025-11-21,23.43,6602.99,121.8653
2025-11-24,20.52,6705.12,121.9171
2025-11-25,18.56,6765.88,121.6335
2025-11-26,17.19,6812.61,121.2437
2025-11-27,17.21,,
2025-11-28,16.35,6849.09,121.0527
2025-12-01,17.24,6812.63,120.9862
2025-12-02,16.59,6829.37,121.1467
2025-12-03,16.08,6849.72,120.7336
2025-12-04,15.78,6857.12,120.6766
2025-12-05,15.41,6870.4,120.6863
2025-12-08,16.66,6846.51,120.776
2025-12-09,16.93,6840.51,120.6832
2025-12-10,15.77,6886.68,120.6752
2025-12-11,14.85,6901.0,119.98
2025-12-12,15.74,6827.41,120.1442
2025-12-15,16.5,6816.51,119.9561
2025-12-16,16.48,6800.26,119.8902
2025-12-17,17.62,6721.43,120.155
2025-12-18,16.87,6774.76,120.0528
2025-12-19,14.91,6834.5,120.1652
2025-12-22,14.08,6878.49,119.9912
2025-12-23,14.0,6909.79,119.7057
2025-12-24,13.47,6932.05,119.4372
2025-12-25,,,
2025-12-26,13.6,6929.94,119.4723
2025-12-29,14.2,6905.74,119.5899
2025-12-30,14.33,6896.24,119.4939
2025-12-31,14.95,6845.5,119.7456
2026-01-01,,,
2026-01-02,14.51,6858.47,119.6059
2026-01-05,14.9,6902.05,119.6192
2026-01-06,14.75,6944.82,119.7807
2026-01-07,15.38,6920.93,119.8719
2026-01-08,15.45,6921.46,120.0904
2026-01-09,14.49,6966.28,120.2215
2026-01-12,15.12,6977.27,119.9958
2026-01-13,15.98,6963.74,120.1401
2026-01-14,16.75,6926.6,119.9537
2026-01-15,15.84,6944.47,119.9951
2026-01-16,15.86,6940.01,120.0838
2026-01-19,18.84,,
2026-01-20,20.09,6796.86,119.4455
2026-01-21,16.9,6875.62,119.3431
2026-01-22,15.64,6913.35,119.1962
2026-01-23,16.09,6915.61,118.8976
2026-01-26,16.15,6950.23,118.0525
2026-01-27,16.35,6978.6,117.4523
2026-01-28,16.35,6978.03,117.5117
2026-01-29,16.88,6969.01,117.4396
2026-01-30,17.44,6939.03,117.8996
2026-02-02,16.34,6976.44,118.3609
2026-02-03,18.0,6917.81,117.9764
2026-02-04,18.64,6882.72,118.2602
2026-02-05,21.77,6798.4,118.5034
2026-02-06,17.76,6932.3,118.2407
2026-02-09,17.36,6964.82,117.6392
2026-02-10,17.79,6941.81,117.5216
2026-02-11,17.65,6941.47,117.4601
2026-02-12,20.82,6832.76,117.5376
2026-02-13,20.6,6836.17,117.5258
2026-02-16,21.2,,
2026-02-17,20.29,6843.22,117.7375
2026-02-18,19.62,6881.31,117.8426
2026-02-19,20.23,6861.89,118.2354
2026-02-20,19.09,6909.51,117.9917
2026-02-23,21.01,6837.75,117.9395
2026-02-24,19.55,6890.07,117.9463
2026-02-25,17.93,6946.13,117.769
2026-02-26,18.63,6908.86,117.9042
2026-02-27,19.86,6878.88,117.8223
2026-03-02,21.44,6881.62,118.667
2026-03-03,23.57,6816.63,119.4341
2026-03-04,21.15,6869.5,119.0705
2026-03-05,23.75,6830.71,119.5683
2026-03-06,29.49,6740.02,119.491
2026-03-09,25.5,6795.99,119.5151
2026-03-10,24.93,6781.48,118.7255
2026-03-11,24.23,6775.8,119.2885
2026-03-12,27.29,6672.62,119.8227
2026-03-13,27.19,6632.19,120.5518
2026-03-16,23.51,6699.38,
2026-03-17,22.37,6716.09,
